UID,col_4,y,col_0_numerical,col_1_numerical,col_2_numerical,col_3_numerical,col_5_numerical,col_6_numerical
0,100,237000,0,0,2,1,1,2
1,100,86193,1,0,11,4,4,2
2,0,169200,0,0,18,0,0,2
3,100,58000,2,0,11,1,1,2
4,0,235000,0,0,67,1,1,2
5,100,170000,0,0,11,1,1,2
6,100,183600,0,0,11,1,1,0
7,0,100000,0,0,4,1,1,2
8,100,175000,0,0,2,1,1,2
9,100,136000,0,0,2,1,1,2
10,50,55685,1,0,52,8,24,0
11,0,175000,0,0,7,1,1,2
12,0,120000,1,0,36,1,1,2
13,0,150000,1,0,11,1,1,2
14,0,152000,0,0,2,1,1,2
15,0,72000,1,0,4,1,1,2
16,0,140000,0,0,4,1,1,2
17,50,130000,1,0,2,1,1,0
18,100,248400,0,0,57,2,2,2
19,100,212200,0,0,9,1,1,2
20,0,127467,-1,0,54,4,4,2
21,100,129000,2,0,11,1,1,0
22,100,201000,0,0,4,1,1,2
23,50,100000,2,0,41,1,1,0
24,100,40000,2,0,44,41,19,2
25,0,270703,0,0,11,1,1,2
26,0,139000,0,0,4,1,1,2
27,100,180000,1,0,15,1,1,0
28,50,62649,1,0,18,12,11,2
29,0,189650,0,0,9,1,1,2
30,50,40570,0,-1,39,6,6,0
31,0,12103,1,0,11,53,52,2
32,0,9727,2,0,2,6,6,0
33,0,105000,1,0,2,1,1,2
34,0,187000,0,0,4,1,1,2
35,0,128000,0,0,4,1,1,2
36,100,17684,2,0,2,48,48,2
37,100,170000,0,0,40,1,1,0
38,0,20000,1,0,59,66,63,1
39,0,150000,-1,0,4,1,1,2
40,100,140000,0,0,4,1,1,-1
41,0,139500,0,0,11,1,1,2
42,100,145000,0,0,2,1,1,2
43,100,200100,0,0,11,1,1,-1
44,100,104000,0,0,2,1,1,2
45,50,29751,2,0,2,6,6,0
46,0,100000,2,0,2,1,1,1
47,100,102663,0,0,7,4,4,2
48,100,210000,0,0,18,1,1,2
49,100,120000,0,0,11,1,1,2
50,0,168400,0,-1,27,1,1,2
51,100,280700,-1,0,9,1,1,2
52,100,100000,1,0,11,1,1,0
53,100,191475,0,0,2,1,1,2
54,50,60000,1,0,29,0,36,2
55,0,260000,0,0,3,1,1,0
56,0,150000,0,0,7,1,1,-1
57,0,204500,0,0,9,1,1,2
58,100,236000,3,0,11,1,1,-1
59,0,60000,1,0,4,1,1,2
60,100,211500,0,0,2,1,1,-1
61,100,78000,1,0,49,26,23,2
62,100,165000,0,0,4,1,1,2
63,100,7799,2,0,4,26,23,0
64,0,50432,0,0,4,0,0,2
65,100,153667,3,0,33,42,40,0
66,0,323300,0,0,9,1,1,-1
67,0,110820,1,0,2,4,4,2
68,0,139000,0,0,6,1,1,2
69,0,36773,0,0,4,0,0,2
70,100,210914,3,0,11,1,1,2
71,0,155000,2,0,6,1,1,2
72,100,195400,0,0,15,1,1,0
73,0,111775,1,0,11,1,1,2
74,100,148800,0,0,9,1,1,2
75,100,52533,1,0,2,12,11,2
76,0,225000,0,0,2,1,1,2
77,100,153000,-1,0,11,1,1,2
78,100,75000,0,0,4,1,1,2
79,100,9272,2,0,53,36,32,1
80,100,150000,0,0,11,1,1,2
81,100,60000,0,2,12,68,1,1
82,0,159100,0,0,3,1,1,0
83,100,156400,0,0,2,1,1,2
84,100,135000,0,-1,11,1,1,2
85,0,115000,0,0,11,1,1,2
86,0,190000,0,0,2,1,1,2
87,100,180000,1,0,1,1,1,2
88,100,96100,0,0,11,1,1,2
89,0,191475,0,0,2,1,1,2
90,0,130000,0,0,4,1,1,2
91,0,145000,0,0,11,1,1,2
92,100,75000,2,0,4,1,1,2
93,100,172000,0,0,2,1,1,2
94,0,170000,0,0,2,1,1,2
95,0,110600,0,0,4,1,1,2
96,100,285800,0,0,2,1,1,2
97,0,195652,0,0,9,4,4,2
98,50,21669,2,3,2,42,38,1
99,0,191200,0,0,11,1,1,2
100,0,109400,0,0,11,1,1,2
101,0,130000,0,0,11,1,1,2
102,0,180000,0,0,11,1,1,2
103,100,201450,0,0,2,1,1,2
104,0,228000,-1,0,2,1,1,2
105,0,144000,0,0,2,1,1,2
106,0,150000,2,0,56,1,1,2
107,0,240500,0,0,11,1,1,0
108,0,145000,0,0,11,1,1,2
109,100,156600,0,0,11,1,1,2
110,100,59020,1,0,11,0,0,2
111,0,176000,0,0,11,1,1,2
112,0,147100,0,0,2,1,1,2
113,100,150000,1,0,2,1,1,2
114,100,160000,0,0,11,1,1,2
115,0,276000,0,0,9,1,1,2
116,100,115000,0,0,15,1,1,2
117,0,95000,0,0,4,1,1,2
118,0,275000,0,0,67,1,1,2
119,100,49253,2,0,11,4,4,2
120,0,105200,0,0,4,1,1,2
121,100,141525,0,0,2,1,1,2
122,0,70000,0,0,30,1,1,2
123,0,155850,0,0,6,1,1,2
124,100,8000,0,0,81,6,18,0
125,0,120000,0,0,4,1,1,2
126,0,114500,0,0,11,1,1,2
127,0,170000,0,0,11,1,1,2
128,0,180000,0,0,3,1,1,2
129,100,40038,-1,0,2,54,69,0
130,0,85066,1,0,2,4,4,2
131,100,200000,3,0,11,1,1,2
132,0,177000,-1,0,4,1,1,2
133,0,78000,0,0,2,1,1,2
134,0,200000,0,0,11,1,1,2
135,0,51039,1,0,2,4,4,2
136,0,280000,0,0,12,1,1,2
137,100,200000,3,0,7,1,1,2
138,100,170000,0,0,4,1,1,2
139,0,85000,-1,0,11,1,1,2
140,100,200000,0,0,11,1,1,2
141,50,161311,0,0,29,2,2,2
142,100,48609,1,0,9,4,4,2
143,100,185000,0,0,4,1,1,2
144,0,120000,0,0,2,1,1,2
145,0,160000,1,0,4,1,1,2
146,0,210000,0,0,18,1,1,2
147,0,247500,0,0,9,1,1,2
148,50,250000,2,0,9,1,1,0
149,100,15806,0,0,4,6,6,1
150,100,132100,0,0,11,1,1,0
151,0,89306,1,0,2,9,8,2
152,100,150000,0,0,7,1,1,2
153,100,14307,1,0,4,6,6,0
154,0,186000,0,0,2,1,1,2
155,50,79833,3,0,11,0,0,0
156,0,225000,0,0,11,1,1,2
157,0,95000,0,0,4,1,1,2
158,0,55000,0,0,4,1,1,2
159,100,85000,-1,0,4,1,1,2
160,100,180000,0,0,2,1,1,0
161,0,110000,0,0,4,1,1,2
162,0,153600,0,0,11,1,1,2
163,0,190000,0,0,2,1,1,2
164,0,175000,0,0,26,1,1,2
165,100,75000,1,0,4,1,1,2
166,50,128058,1,0,9,4,4,0
167,100,168000,0,0,57,2,2,2
168,100,88256,0,0,2,0,4,0
169,100,124000,1,0,35,1,1,-1
170,100,125000,-1,0,18,1,1,2
171,0,15000,3,0,22,5,2,2
172,100,175000,0,0,15,1,1,2
173,100,135000,0,0,9,55,53,2
174,100,213580,0,-1,11,1,1,2
175,0,193900,0,0,34,1,1,-1
176,0,105500,1,0,4,1,1,2
177,100,110000,0,0,2,1,1,2
178,0,122600,0,0,11,1,1,2
179,0,160000,2,0,6,1,1,2
180,100,151902,0,0,58,4,4,0
181,100,275300,0,0,2,1,1,2
182,0,175000,3,0,11,1,1,2
183,0,139500,0,0,9,1,1,2
184,0,106000,0,0,7,1,1,2
185,0,185000,0,0,2,4,4,2
186,50,60795,1,0,54,6,6,0
187,100,182750,0,0,2,1,1,-1
188,50,90734,-1,0,2,3,3,0
189,0,83000,2,0,9,1,1,0
190,0,120000,0,0,2,1,1,2
191,100,34672,2,0,34,42,3,1
192,0,126000,0,0,9,1,1,2
193,100,150000,3,0,7,1,1,2
194,100,128000,0,0,11,1,1,2
195,0,115000,0,0,11,1,1,2
196,100,153000,0,0,2,1,1,2
197,100,157000,1,0,21,1,1,0
198,100,165220,0,0,2,1,1,2
199,100,150000,1,0,47,1,1,2
200,100,210000,0,0,11,1,1,2
201,0,122500,0,0,2,1,1,2
202,100,192500,0,0,4,1,1,2
203,100,141525,0,0,2,1,1,2
204,100,46000,2,-1,4,1,1,0
205,100,113000,0,0,7,1,1,2
206,100,86000,0,0,27,1,1,2
207,0,163800,0,0,11,1,1,2
208,100,220000,0,0,11,1,1,2
209,100,70000,2,0,4,1,1,2
210,50,105000,1,0,20,1,1,0
211,0,152000,0,0,2,1,1,2
212,0,120000,0,0,2,1,1,2
213,0,206000,1,0,4,1,1,-1
214,0,90000,1,0,4,1,1,2
215,0,200000,1,-1,34,1,1,1
216,100,180000,0,0,15,1,1,2
217,100,103691,0,0,2,2,2,0
218,0,80000,0,0,4,1,1,-1
219,100,192600,0,0,9,1,1,2
220,0,142200,0,0,9,1,1,2
221,100,180000,0,0,11,1,1,2
222,0,73880,0,0,11,4,4,2
223,100,6359,2,0,4,12,6,0
224,0,120000,0,0,15,1,1,2
225,50,90734,1,0,2,3,3,0
226,0,36773,0,-1,11,0,0,2
227,0,78990,1,0,2,4,4,2
228,0,18907,0,0,12,26,23,2
229,0,154000,0,0,2,1,1,2
230,0,200000,0,0,6,1,1,2
231,100,100000,1,0,28,1,1,2
232,50,24165,2,0,50,42,38,2
233,0,85000,2,0,11,1,1,2
234,0,36773,0,0,11,0,0,2
235,0,100000,1,0,4,1,1,2
236,0,142200,0,0,9,1,1,2
237,0,150000,1,0,4,1,1,2
238,100,93918,1,0,2,1,1,2
239,100,75000,0,0,11,1,1,2
240,100,188800,0,0,9,1,1,2
241,0,95000,1,0,11,1,1,2
242,100,170000,0,0,89,1,1,2
243,100,200000,0,0,9,1,1,2
244,0,18000,1,0,29,75,70,1
245,0,81500,0,0,11,1,1,2
246,0,213660,2,0,3,1,1,0
247,100,100000,0,0,4,1,1,2
248,0,169000,0,0,4,1,1,2
249,100,200000,0,0,2,1,1,2
250,100,131300,0,0,9,1,1,0
251,0,240000,0,0,26,1,1,0
252,0,90000,0,0,11,1,1,2
253,100,185000,0,0,11,1,1,2
254,0,85000,2,0,11,1,1,2
255,0,250000,1,0,9,1,1,2
256,0,220000,0,0,9,1,1,2
257,0,225000,0,0,11,1,1,2
258,0,120000,2,0,6,1,1,-1
259,0,141600,-1,0,11,1,1,2
260,100,122000,0,0,4,1,1,2
261,0,191200,0,0,11,1,1,2
262,0,225000,0,0,2,1,1,2
263,0,127000,0,0,4,1,1,2
264,100,104611,0,0,11,4,4,2
265,100,174000,0,0,11,1,1,0
266,100,50000,1,0,2,5,5,0
267,100,140000,0,0,9,1,1,2
268,100,101570,0,0,11,1,1,2
269,100,66000,0,0,15,1,1,2
270,100,180000,0,0,11,1,1,-1
271,0,104500,1,0,26,1,1,2
272,0,65488,0,0,11,1,1,2
273,0,110600,0,0,4,1,1,2
274,0,129300,0,0,2,1,1,2
275,100,180000,0,0,9,1,1,2
276,0,141300,0,0,15,1,1,2
277,0,90000,1,0,9,1,1,2
278,50,66970,2,0,62,21,18,0
279,100,225000,0,0,2,1,1,-1
280,100,134760,0,0,11,1,1,2
281,0,148750,0,0,2,1,1,2
282,100,209100,0,0,11,1,1,-1
283,0,106500,0,0,11,1,1,2
284,0,144000,0,0,2,1,1,0
285,50,45390,2,0,11,4,4,0
286,100,148700,0,0,30,1,1,0
287,50,61896,0,0,92,4,4,0
288,100,84053,1,0,9,12,3,2
289,0,155000,0,0,2,1,1,2
290,100,61566,0,0,11,4,4,2
291,0,180000,0,0,2,1,1,2
292,0,185900,0,0,2,1,1,2
293,100,210000,0,0,9,1,1,-1
294,0,100000,0,0,11,1,1,2
295,0,110000,0,0,11,1,1,2
296,0,179820,0,0,7,1,1,2
297,0,152000,0,0,11,1,1,2
298,0,170000,0,0,2,1,1,2
299,0,136000,0,0,3,1,1,0
300,50,20984,1,0,9,6,6,0
301,0,175100,3,0,26,1,1,2
302,100,120000,0,0,4,1,1,2
303,100,102500,-1,0,4,1,1,2
304,0,185900,0,0,2,1,1,2
305,0,156400,0,0,2,1,1,2
306,0,92350,0,0,7,4,4,2
307,0,130000,0,0,2,1,1,2
308,0,64090,-1,0,2,3,3,2
309,100,6270,2,0,53,26,23,0
310,0,204500,0,0,9,1,1,2
311,100,190000,0,0,15,1,1,2
312,100,288000,0,0,9,1,1,2
313,100,81666,0,0,4,1,1,2
314,0,169000,0,0,4,1,1,2
315,0,160288,3,0,54,4,4,2
316,0,200000,-1,0,11,1,1,2
317,100,160000,0,0,11,1,1,2
318,100,115000,0,0,4,1,1,1
319,100,85000,0,0,11,1,1,2
320,100,90000,0,0,26,24,22,-1
321,50,72212,1,0,11,4,4,0
322,0,135000,0,0,1,1,1,2
323,100,100000,2,0,59,1,1,2
324,100,183500,0,0,2,1,1,-1
325,0,85500,0,0,4,1,1,-1
326,0,154000,1,0,11,1,1,2
327,0,108000,0,0,38,1,1,0
328,0,167500,1,0,15,1,1,2
329,0,210000,3,0,11,1,1,2
330,0,48289,0,0,2,0,0,2
331,0,237000,0,0,2,1,1,2
332,100,130000,0,0,11,1,1,2
333,0,129300,0,0,11,1,1,2
334,100,105400,0,0,19,1,1,2
335,0,130240,0,0,2,1,1,2
336,0,33808,1,0,2,6,6,2
337,100,98506,1,0,11,4,4,2
338,0,95000,1,0,11,1,1,2
339,0,119000,0,0,4,1,1,-1
340,100,85847,0,0,0,0,0,0
341,100,179400,0,0,2,1,1,2
342,100,90000,0,-1,11,1,1,2
343,0,149600,1,0,11,1,1,2
344,0,121700,0,0,4,1,1,2
345,0,133832,0,0,11,1,1,2
346,0,38631,0,0,2,0,0,2
347,0,136100,0,0,2,1,1,2
348,0,260000,1,0,11,1,1,2
349,100,119000,0,0,4,1,1,2
350,0,182160,3,0,26,1,1,2
351,100,200000,0,0,15,1,1,2
352,100,275300,0,0,2,1,1,2
353,100,112000,1,0,11,1,1,0
354,0,230000,-1,0,6,1,1,2
355,0,204500,0,0,9,1,1,2
356,0,136000,0,0,3,1,1,0
357,100,90000,0,0,38,1,1,0
358,0,129300,0,0,2,1,1,2
359,100,132320,0,0,11,1,1,2
360,0,137500,0,0,11,1,1,2
361,100,120000,1,0,6,1,1,2
362,100,126500,0,0,2,1,1,2
363,0,22611,1,0,29,6,6,0
364,0,228000,0,0,15,1,1,2
365,0,80000,-1,0,11,1,1,2
366,100,195000,0,0,52,1,1,2
367,100,130000,0,0,4,2,2,2
368,100,416000,3,1,0,1,1,1
369,100,90000,1,0,11,1,1,2
370,100,136000,-1,0,2,1,1,2
371,100,120000,2,-1,6,4,4,-1
372,100,81666,0,0,4,1,1,2
373,0,146000,0,0,11,1,1,2
374,100,144000,0,0,11,1,1,2
375,100,50000,2,0,70,1,45,1
376,0,146000,1,0,11,1,1,2
377,50,76833,0,0,11,40,4,1
378,0,153600,0,0,4,1,1,2
379,0,150000,1,-1,4,1,1,2
380,0,80481,1,0,2,16,14,2
381,0,160000,0,0,11,1,1,2
382,0,205000,0,0,3,1,1,2
383,100,9289,1,0,20,26,23,2
384,0,145000,3,0,11,1,1,2
385,0,225000,0,-1,2,1,1,2
386,100,175000,0,0,2,1,1,2
387,0,80000,1,0,30,1,1,2
388,50,160000,0,0,87,55,1,1
389,100,90000,1,0,11,1,1,2
390,100,167000,0,0,2,1,1,2
391,100,164000,0,0,9,1,1,2
392,0,92350,1,0,9,4,4,2
393,0,205920,0,0,52,1,1,2
394,100,324000,3,0,11,1,1,2
395,100,73546,1,0,11,0,0,2
396,50,81000,2,0,9,1,1,1
397,0,102100,0,0,11,1,1,2
398,0,249500,0,0,2,1,1,2
399,100,150000,0,0,11,1,1,2
400,100,202000,0,0,11,1,1,2
401,0,222200,0,0,3,1,1,0
402,0,120000,0,0,18,1,1,2
403,100,208450,0,0,4,1,1,2
404,0,82000,2,0,2,1,1,0
405,100,191475,0,0,2,1,1,2
406,100,102640,1,0,4,1,1,2
407,0,136000,0,0,3,1,1,0
408,0,155000,1,0,19,1,1,2
409,0,100000,0,0,11,1,1,2
410,0,139500,0,0,9,1,1,2
411,0,120000,1,0,11,1,1,2
412,50,120000,0,0,2,1,1,0
413,0,183310,1,0,2,1,1,2
414,0,40481,1,0,2,6,6,0
415,100,140000,0,0,2,1,1,0
416,0,165000,1,0,2,1,1,2
417,0,126000,0,0,9,1,1,2
418,100,138750,0,0,11,1,1,2
419,100,128875,0,0,11,1,1,2
420,0,129300,0,0,11,1,1,2
421,100,150000,1,0,2,1,1,2
422,100,225000,0,0,11,1,1,2
423,0,130000,1,0,11,1,1,2
424,100,51753,2,0,2,2,2,0
425,50,109024,-1,0,29,4,4,2
426,0,174500,0,0,15,1,1,2
427,100,104000,0,0,11,1,1,2
428,0,106500,1,0,15,1,1,2
429,100,207000,0,0,2,1,1,2
430,100,236900,0,0,2,1,1,0
431,100,175100,0,0,26,1,1,2
432,100,139000,0,0,2,1,1,2
433,100,141525,0,0,2,1,1,2
434,100,175000,3,0,7,1,1,2
435,100,33000,2,0,69,42,3,1
436,100,269000,0,0,9,2,2,2
437,0,190000,0,-1,2,1,1,2
438,0,190000,0,0,2,1,1,2
439,0,143865,1,0,11,1,1,2
440,100,72000,1,0,11,24,22,2
441,100,141525,0,0,2,1,1,2
442,0,100000,-1,0,4,1,1,2
443,50,65666,1,0,11,3,3,1
444,0,129000,0,0,11,1,1,2
445,0,128750,1,0,2,1,1,2
446,0,116000,0,0,4,1,1,2
447,0,125000,2,0,6,1,1,2
448,100,183000,0,0,76,1,1,0
449,100,172309,0,0,39,16,14,0
450,50,130026,3,0,33,3,3,2
451,0,125000,1,0,11,1,1,2
452,0,115000,0,0,2,1,1,2
453,100,178800,0,0,11,1,1,0
454,0,200000,3,0,2,1,1,2
455,0,129300,0,0,2,1,1,2
456,0,84053,1,0,18,3,3,1
457,100,145000,0,0,11,2,2,2
458,100,216000,0,0,11,1,1,2
459,0,124234,2,0,2,1,1,2
460,100,151410,1,-1,2,1,1,2
461,0,142200,0,0,9,1,1,2
462,0,190000,0,0,2,2,2,-1
463,100,130000,0,-1,4,1,1,2
464,0,169000,-1,0,4,1,1,2
465,0,215000,0,0,2,1,1,0
466,50,423000,1,-1,38,1,1,0
467,100,63040,-1,-1,11,0,0,2
468,0,200000,3,0,2,1,1,2
469,0,195700,0,0,11,1,1,2
470,0,123405,0,0,48,3,3,0
471,0,260000,0,0,3,1,1,0
472,0,210000,0,0,2,1,1,2
473,100,100000,1,0,4,1,1,2
474,100,75000,2,0,4,1,1,2
475,0,169000,0,0,4,1,1,2
476,100,160000,0,0,11,1,1,2
477,0,252000,0,0,11,1,1,2
478,0,77262,0,0,2,39,35,2
479,0,204500,0,0,4,1,1,2
480,0,235000,0,0,12,1,1,2
481,0,98000,1,0,53,1,1,2
482,0,140000,0,0,27,1,1,2
483,0,194500,3,0,11,1,1,2
484,0,142200,0,0,9,1,1,2
485,0,170000,0,0,2,1,1,2
486,50,112872,1,0,11,4,4,0
487,0,160000,2,0,11,1,1,2
488,100,184000,0,-1,3,1,1,2
489,100,78000,1,0,2,1,1,2
490,0,172200,0,0,9,1,1,2
491,0,40777,0,0,4,0,0,2
492,100,231250,0,0,7,1,1,2
493,0,85000,2,0,11,1,1,2
494,100,100000,1,0,4,1,1,2
495,0,185900,0,0,2,1,1,2
496,0,198800,0,0,27,1,1,2
497,0,52500,1,0,4,1,1,2
498,0,245100,-1,0,26,1,1,2
499,50,219000,1,0,9,1,1,0
500,100,45760,1,0,2,58,1,1
501,0,37824,0,0,2,0,0,2
502,100,165000,0,0,11,1,1,2
503,100,80000,0,0,4,71,1,-1
504,0,145885,2,0,9,1,1,2
505,100,85000,1,0,7,1,1,2
506,0,50180,1,0,52,8,24,2
507,0,168400,0,0,15,1,1,2
508,100,55000,2,0,4,1,1,1
509,100,149040,-1,0,15,1,1,2
510,100,235000,0,0,0,1,1,0
511,100,110000,0,0,18,1,1,2
512,100,115000,0,-1,15,1,1,2
513,0,225900,0,0,47,1,1,2
514,0,110037,2,0,21,4,4,0
515,0,42533,-1,0,55,4,4,2
516,0,110600,0,0,4,1,1,2
517,100,155000,0,0,11,1,1,-1
518,0,160000,0,0,2,1,1,2
519,100,160000,0,0,2,1,1,2
520,100,109280,0,0,19,1,1,2
521,100,150000,0,0,38,1,1,2
522,100,80000,1,0,4,1,1,0
523,100,105000,0,0,11,1,1,2
524,0,176000,0,0,2,2,2,2
525,100,160000,0,0,11,1,1,2
526,0,228000,0,0,2,1,1,2
527,100,170000,1,0,11,1,1,2
528,100,100000,-1,0,1,1,1,2
529,0,100000,0,0,4,1,1,2
530,0,185900,0,0,2,1,1,2
531,0,200160,0,0,2,1,1,2
532,50,63312,0,0,2,32,29,0
533,0,160000,0,0,11,1,1,2
534,0,250000,0,0,11,1,1,2
535,0,80000,0,0,11,1,1,0
536,100,173762,0,0,0,3,3,2
537,0,126000,0,0,11,1,1,2
538,0,172800,0,0,11,1,1,2
539,100,125000,-1,0,15,1,1,2
540,0,153400,0,-1,9,1,1,2
541,100,63000,0,-1,85,1,1,2
542,0,85500,0,0,4,1,1,2
543,0,247500,0,0,26,1,1,2
544,0,87000,1,-1,9,1,1,2
545,0,180180,0,0,4,1,1,2
546,0,100000,2,0,18,1,1,2
547,100,225000,0,0,15,1,1,2
548,0,155000,3,0,19,1,1,2
549,0,170000,0,0,11,1,1,2
550,100,183500,0,0,2,1,1,2
551,0,139500,0,0,2,1,1,2
552,0,68293,0,0,11,0,0,2
553,100,47280,1,0,11,0,0,2
554,0,140000,0,0,11,1,1,2
555,0,135000,1,0,4,1,1,2
556,0,144100,1,0,4,1,1,2
557,100,63000,0,0,85,1,1,2
558,0,129300,0,0,9,1,1,2
559,0,75000,1,0,4,2,2,2
560,100,180000,0,0,15,1,1,2
561,0,122000,0,0,2,1,1,2
562,0,165000,-1,0,2,1,1,2
563,100,140000,0,0,2,1,1,2
564,0,100000,2,0,18,72,67,0
565,100,120250,0,0,4,1,1,2
566,100,216000,0,0,9,1,1,2
567,100,67597,1,0,2,2,2,2
568,100,149040,-1,0,15,1,1,2
569,0,60000,0,0,17,15,13,2
570,100,135000,0,0,11,1,1,2
571,100,185000,0,0,4,1,1,2
572,0,70186,0,0,4,4,4,2
573,100,13989,1,0,2,6,6,0
574,0,150000,0,0,2,1,1,2
575,0,120000,1,0,2,1,1,2
576,100,110000,1,0,4,1,1,2
577,0,83171,1,0,2,13,19,0
578,0,284310,0,0,9,1,1,2
579,0,145000,0,0,9,1,1,2
580,100,150000,1,0,56,1,1,2
581,0,37824,0,0,2,0,0,2
582,0,185900,0,0,2,1,1,2
583,0,226700,0,0,11,1,1,2
584,0,115092,1,0,11,1,1,2
585,100,260000,0,0,2,1,1,2
586,0,143200,-1,0,7,1,1,2
587,100,133766,0,0,26,13,19,0
588,0,260500,3,0,26,1,1,2
589,0,143100,0,0,2,2,2,2
590,100,115000,0,0,27,1,1,2
591,0,175000,0,0,2,1,1,2
592,0,97218,1,0,4,4,4,2
593,0,81500,0,0,15,1,1,2
594,100,80000,2,0,11,1,1,0
595,100,130000,0,0,11,1,1,2
596,0,93800,0,0,2,1,1,2
597,100,184000,0,0,3,1,1,2
598,0,51039,1,0,55,4,4,2
599,100,188000,0,0,11,1,1,0
600,0,145000,0,0,50,1,1,2
601,100,165000,0,0,2,1,1,2
602,0,195895,1,0,18,4,4,2
603,0,252000,0,0,11,1,1,2
604,0,172200,0,0,11,1,1,-1
605,100,68400,0,0,4,1,1,2
606,100,75116,0,-1,25,8,24,0
607,100,92000,0,0,2,1,1,0
608,0,185900,0,0,4,1,1,2
609,100,150000,0,0,11,1,1,0
610,100,69751,1,0,16,6,3,1
611,100,250000,0,0,11,1,1,2
612,100,90000,1,0,11,1,1,2
613,100,144000,0,0,11,1,1,2
614,0,240500,0,0,4,1,1,2
615,100,110000,0,0,4,1,1,-1
616,100,208000,0,0,2,1,1,2
617,100,130000,0,0,4,1,1,2
618,0,202800,0,-1,2,1,1,0
619,100,200000,0,0,11,1,1,2
620,0,185900,0,0,2,1,1,2
621,100,191475,-1,0,2,1,1,2
622,100,38400,1,0,38,31,1,2
623,100,198200,0,-1,2,1,1,2
624,0,36773,0,0,4,0,0,2
625,0,150000,0,0,11,1,1,2
626,100,148000,0,0,2,1,1,2
627,0,196200,3,0,11,1,1,2
628,50,40000,1,0,2,12,11,0
629,0,200000,0,0,9,1,1,2
630,0,198200,0,0,2,1,1,2
631,100,55800,0,0,4,0,0,2
632,100,175000,0,0,11,1,1,2
633,100,145000,0,0,2,1,1,2
634,0,12000,2,0,11,31,28,0
635,100,275300,0,0,2,1,1,2
636,0,309400,-1,0,3,1,1,0
637,100,75116,0,0,52,12,11,2
638,100,250000,0,0,11,1,1,2
639,50,69999,1,0,18,51,51,0
640,0,175000,0,0,11,1,1,2
641,100,160000,0,0,15,1,1,2
642,100,84000,0,0,2,1,1,2
643,100,66837,1,0,11,4,4,2
644,100,130000,1,0,28,1,1,2
645,0,140000,0,0,2,1,1,2
646,0,180000,0,0,2,1,1,-1
647,100,160000,0,0,40,1,1,2
648,0,130000,1,0,11,1,1,2
649,50,109000,1,0,2,1,1,0
650,0,175000,0,0,2,1,1,2
651,0,80000,-1,0,4,1,1,2
652,100,205000,0,0,3,1,1,2
653,0,350000,-1,0,3,1,1,0
654,100,67723,1,0,11,4,4,2
655,100,135000,0,0,15,1,1,2
656,100,130000,0,0,2,1,1,2
657,0,250000,0,0,2,1,1,2
658,0,163800,0,0,11,1,1,2
659,0,136000,0,0,3,1,1,0
660,0,172200,0,0,9,1,1,2
661,100,100000,1,0,4,2,2,2
662,0,172200,-1,0,9,1,1,2
663,0,175000,0,0,6,1,1,2
664,100,93800,0,0,4,1,1,2
665,0,250000,0,0,11,1,1,2
666,0,129300,-1,0,2,1,1,2
667,100,136620,0,0,2,1,1,2
668,0,49268,2,0,2,3,3,1
669,0,99000,0,0,4,1,1,2
670,0,115500,3,0,11,1,1,2
671,100,310000,3,0,11,1,1,2
672,0,126500,1,0,4,1,1,-1
673,100,30000,1,0,2,24,22,0
674,0,100000,-1,0,11,1,1,2
675,100,59102,2,0,20,76,61,0
676,0,106000,0,0,4,1,1,2
677,100,186000,0,0,9,1,1,2
678,0,150000,0,0,18,1,1,2
679,0,113000,1,0,4,1,1,0
680,100,297300,0,0,2,1,1,2
681,0,90000,1,0,2,1,1,2
682,0,135000,0,0,11,1,1,2
683,50,17509,1,0,63,6,18,2
684,0,150000,0,0,7,1,1,2
685,0,120000,0,0,11,1,1,2
686,0,105000,0,0,2,1,1,2
687,0,155000,0,0,4,1,1,2
688,0,250000,0,0,85,1,1,2
689,0,113750,0,0,11,1,1,2
690,100,42026,1,-1,4,0,0,2
691,0,153600,0,0,11,1,1,2
692,0,145900,0,0,18,1,1,2
693,0,163800,0,0,9,1,1,2
694,100,100000,2,0,13,5,5,0
695,0,160000,0,0,11,1,1,2
696,0,135000,0,0,11,1,1,2
697,50,89306,-1,0,18,12,11,0
698,100,80000,2,0,11,1,1,0
699,0,60761,1,0,4,4,4,2
700,0,240000,0,0,11,1,1,2
701,0,161800,0,0,11,1,1,2
702,100,120000,1,0,2,1,1,2
703,0,55000,2,0,4,1,1,2
704,100,60000,1,0,4,1,1,2
705,0,26005,1,0,11,40,1,0
706,100,175100,0,0,11,1,1,2
707,50,21844,2,0,9,20,17,2
708,0,258000,0,0,2,2,2,2
709,100,90000,1,0,11,1,1,0
710,100,175000,0,0,2,1,1,2
711,0,169200,0,0,18,0,0,2
712,0,100000,0,0,11,1,1,2
713,100,210000,0,0,2,1,1,2
714,0,152000,0,0,7,1,1,2
715,0,36773,0,0,11,8,24,2
716,0,120000,1,0,27,1,1,2
717,0,115440,0,0,2,1,1,2
718,100,191475,0,0,2,1,1,2
719,0,130000,1,0,2,1,1,2
720,0,110600,0,0,4,1,1,2
721,100,75000,0,0,4,1,1,2
722,0,79000,1,0,4,1,1,2
723,0,50432,0,0,4,0,0,2
724,0,142200,0,0,9,1,1,2
725,100,177000,0,0,21,1,1,0
726,100,100000,-1,0,7,1,1,2
727,0,252000,0,0,11,1,1,2
728,0,180000,0,0,57,1,1,2
729,0,160080,0,0,11,1,1,2
730,100,38000,0,0,2,1,1,2
731,100,150000,1,0,18,1,1,-1
732,100,110500,0,0,11,1,1,2
733,100,168000,0,0,2,1,1,2
734,100,90000,0,0,11,1,1,2
735,0,169000,0,0,27,1,1,2
736,0,139500,0,0,9,1,1,2
737,0,160000,2,0,46,1,1,2
738,100,235000,0,-1,15,1,1,2
739,100,175000,0,0,2,1,1,2
740,100,236000,0,0,11,1,1,2
741,0,129300,0,0,11,1,1,2
742,100,62000,-1,0,11,1,1,2
743,100,230000,0,0,3,1,1,2
744,0,135000,2,0,11,1,1,2
745,50,20171,0,0,2,53,52,0
746,100,66531,1,0,11,0,0,2
747,0,81500,0,0,2,1,1,2
748,100,135000,0,0,9,1,1,2
749,100,318300,0,0,9,1,1,2
750,0,129300,0,0,2,1,1,2
751,100,147800,0,0,15,1,1,2
752,100,196000,0,0,3,1,1,2
753,0,167500,-1,0,11,1,1,2
754,100,234100,0,0,1,1,1,2
755,0,152500,0,0,11,1,1,2
756,0,145000,0,0,11,1,1,2
757,100,135000,0,0,4,2,2,2
758,100,150000,1,0,4,1,1,2
759,0,206000,1,0,4,1,1,2
760,50,80000,2,0,17,22,20,2
761,50,45555,1,2,37,46,47,2
762,0,252000,0,0,11,1,1,2
763,0,185900,0,0,11,1,1,2
764,0,120000,1,0,11,1,1,2
765,100,185000,0,0,90,1,1,0
766,100,121600,0,0,4,1,1,2
767,0,150000,1,0,4,1,1,2
768,50,250000,0,0,86,1,1,0
769,100,183000,0,0,1,1,1,2
770,0,38631,0,0,2,0,0,2
771,50,65257,1,0,4,21,18,2
772,100,115000,0,0,11,1,1,2
773,0,133300,0,0,11,1,1,2
774,0,113000,0,0,11,1,1,0
775,100,105000,0,0,11,1,1,2
776,100,106800,0,0,2,1,1,2
777,0,126080,1,0,18,3,3,1
778,100,139000,0,0,11,1,1,2
779,100,170550,0,0,4,1,1,2
780,0,141300,1,0,2,1,1,2
781,100,121500,0,0,11,1,1,2
782,100,297300,0,0,26,1,1,2
783,0,121523,1,0,9,4,4,2
784,0,142200,0,0,9,1,1,2
785,0,169000,0,0,4,1,1,2
786,0,185900,0,0,11,1,1,2
787,100,83500,1,0,4,1,1,2
788,100,112000,1,0,4,1,1,2
789,0,106250,1,0,2,1,1,2
790,100,31520,2,0,36,8,0,2
791,0,130000,1,0,4,1,1,2
792,0,140000,3,0,19,1,1,2
793,0,200000,0,0,11,1,1,2
794,0,37824,0,0,2,0,0,2
795,0,75000,1,0,4,1,1,2
796,0,130000,1,0,30,1,1,2
797,0,106800,-1,0,11,1,1,2
798,50,75050,1,0,11,13,19,0
799,100,85000,0,0,11,1,1,2
800,100,152900,-1,0,7,1,1,2
801,100,205000,0,0,3,1,1,2
802,50,300000,2,0,17,6,6,0
803,100,160000,0,0,9,1,1,2
804,0,185000,3,0,2,1,1,2
805,100,110000,0,0,11,1,1,2
806,0,185900,0,0,11,1,1,2
807,100,203300,0,0,11,1,1,2
808,100,135000,0,0,2,1,1,2
809,100,87738,0,0,2,2,2,1
810,0,150000,0,0,18,1,1,2
811,0,130000,0,0,4,1,1,2
812,100,68318,0,0,21,13,12,2
813,0,180000,1,0,11,1,1,2
814,100,108000,1,0,7,1,1,2
815,0,73900,2,-1,11,1,1,2
816,100,87000,1,0,31,1,1,0
817,100,95000,-1,0,9,2,2,2
818,0,73000,1,0,2,1,1,0
819,100,56536,2,0,9,10,9,1
820,100,33609,1,-1,2,29,40,0
821,100,191475,0,0,2,1,1,2
822,100,31795,1,0,2,6,1,2
823,0,142200,0,0,9,1,1,2
824,100,170000,-1,-1,11,1,1,2
825,0,125000,0,0,2,1,1,2
826,100,142800,0,0,3,1,1,2
827,0,74178,0,0,4,1,1,2
828,100,200000,0,0,11,1,1,2
829,100,186000,0,0,9,1,1,2
830,100,240000,0,0,2,1,1,2
831,0,129000,0,0,11,1,1,2
832,0,145000,0,0,2,1,1,2
833,0,180000,0,0,4,1,1,2
834,100,141600,0,0,11,1,1,2
835,100,145000,0,0,2,1,1,2
836,100,48000,1,0,2,68,1,1
837,0,61989,1,0,18,19,49,0
838,100,191475,0,0,2,1,1,2
839,100,190000,0,0,11,1,1,2
840,100,61800,2,0,11,1,1,2
841,100,131300,0,0,9,1,1,0
842,0,120000,0,0,11,1,1,2
843,0,100706,0,0,11,1,1,2
844,0,165000,1,0,7,1,1,2
845,0,113000,0,0,15,1,1,2
846,0,133300,0,0,11,1,1,2
847,0,115000,0,0,11,1,1,-1
848,0,151800,0,0,2,1,1,2
849,50,28609,2,3,12,56,54,1
850,0,48289,-1,0,2,0,0,2
851,0,160000,2,0,11,1,1,2
852,0,210000,0,0,2,1,1,2
853,100,120000,0,0,9,62,60,1
854,100,106000,-1,0,11,1,1,0
855,0,174000,0,0,9,3,3,2
856,0,145000,0,0,9,1,1,2
857,0,189750,2,0,9,1,1,2
858,50,82528,2,0,18,4,4,0
859,100,35093,2,0,9,4,4,0
860,100,128875,0,0,4,1,1,2
861,0,63000,0,0,11,1,1,2
862,100,160000,0,0,11,1,1,2
863,100,220110,0,0,11,1,1,2
864,100,190000,0,0,39,1,1,1
865,0,120000,0,0,7,1,1,2
866,50,42197,1,0,2,12,11,1
867,0,265000,3,0,11,1,1,2
868,0,145000,0,-1,11,1,1,2
869,100,50000,2,0,4,1,1,2
870,0,185700,1,0,7,1,1,2
871,100,99750,0,0,4,1,1,2
872,100,241000,1,0,26,1,1,2
873,0,240000,0,0,11,1,1,2
874,0,84053,3,0,18,9,8,0
875,0,85000,0,0,4,1,1,2
876,0,101228,0,0,9,4,4,2
877,100,200000,1,0,36,6,1,0
878,100,100000,0,0,11,1,1,2
879,0,149850,0,0,18,1,1,2
880,100,183000,0,0,2,1,1,2
881,0,198800,0,-1,11,1,1,2
882,100,38776,1,0,2,0,0,2
883,100,217000,0,0,11,1,1,2
884,0,317070,0,0,2,1,1,2
885,100,93700,0,0,11,1,1,2
886,0,142200,0,0,9,1,1,2
887,0,65062,1,0,2,7,7,0
888,0,85700,0,0,4,1,1,2
889,100,175000,0,0,2,1,1,2
890,100,141525,0,0,2,1,1,2
891,0,175000,0,0,67,1,1,2
892,0,120000,0,-1,11,1,1,2
893,0,216200,1,0,4,1,1,-1
894,0,119000,0,0,4,1,1,2
895,100,75000,0,0,4,1,1,2
896,0,275000,0,0,6,3,3,2
897,100,245000,0,0,2,1,1,2
898,0,253750,0,0,18,0,0,2
899,100,30000,1,1,1,1,1,1
900,0,130000,-1,0,9,1,1,2
901,0,129300,0,0,11,1,1,2
902,100,175000,-1,0,4,2,2,2
903,100,90000,1,0,11,1,1,2
904,100,101570,0,0,2,1,1,2
905,100,193000,0,0,11,0,1,2
906,100,190000,0,0,71,1,1,0
907,100,106800,0,0,11,1,1,2
908,0,300240,0,0,2,1,1,2
909,100,120000,0,0,46,1,1,2
910,100,157750,0,0,2,1,1,2
911,50,117104,0,0,83,2,2,0
912,0,100000,1,0,4,2,2,2
913,100,80000,0,0,4,1,1,2
914,0,172200,0,0,9,1,1,2
915,50,24823,1,0,9,23,21,0
916,100,138750,0,0,7,1,1,2
917,100,120000,1,0,2,1,1,2
918,0,50000,1,0,9,34,30,1
919,50,12888,-1,0,2,6,6,1
920,0,90000,1,0,11,1,1,2
921,0,185900,0,0,11,1,1,2
922,100,104890,0,0,2,1,1,2
923,0,199000,0,0,11,1,1,2
924,0,90700,0,0,9,1,1,2
925,100,209100,-1,0,11,1,1,0
926,0,6304,2,0,17,38,34,-1
927,0,289800,0,0,7,1,1,-1
928,0,70000,0,0,4,1,1,2
929,0,164000,0,0,4,1,1,2
930,100,140000,0,0,11,1,1,2
931,50,25000,1,0,2,53,52,2
932,0,70000,0,0,11,1,1,2
933,0,275000,-1,0,17,2,2,1
934,50,94564,0,0,9,3,3,0
935,0,150000,2,0,18,1,1,2
936,0,72200,0,0,13,1,1,2
937,100,183600,0,0,57,2,2,2
938,100,185000,0,0,2,1,1,2
939,100,51508,-1,0,4,0,0,-1
940,0,135000,2,0,11,1,1,2
941,100,161342,0,0,26,1,1,-1
942,100,231250,0,0,7,1,1,2
943,100,75344,1,0,9,4,4,2
944,100,115573,0,0,9,12,11,2
945,0,185900,-1,0,2,1,1,2
946,50,28369,1,0,11,77,71,0
947,100,75648,1,0,2,3,3,1
948,0,199000,0,0,27,1,1,2
949,0,48000,0,0,27,20,17,2
950,100,55410,-1,0,11,4,4,2
951,0,134000,1,0,27,1,1,2
952,100,175000,1,0,9,1,1,2
953,0,74540,2,0,2,1,1,2
954,100,125000,0,0,4,1,1,2
955,0,200000,1,0,9,1,1,2
956,100,115447,1,0,11,4,4,0
957,100,135000,-1,0,4,1,1,2
958,0,180000,-1,0,7,1,1,2
959,0,149076,0,0,2,1,1,2
960,0,150000,0,0,1,1,1,2
961,100,250000,0,0,4,1,1,2
962,100,77300,2,0,27,1,1,2
963,0,197000,0,0,11,1,1,2
964,0,210000,0,0,2,1,1,2
965,100,130000,0,0,46,1,1,-1
966,0,70000,1,0,26,1,1,2
967,0,171250,0,0,11,1,1,2
968,0,225000,1,0,2,1,1,2
969,0,121523,1,0,9,4,4,2
970,100,140000,0,0,4,1,1,2
971,100,100000,1,0,45,1,1,2
972,100,192400,0,0,15,2,2,2
973,100,140000,0,0,46,1,1,2
974,0,128000,1,0,4,1,1,2
975,0,200000,0,0,11,1,1,2
976,0,105000,0,0,2,1,1,2
977,100,63000,0,-1,11,1,1,2
978,100,115000,0,0,4,1,1,2
979,100,146000,0,0,2,1,1,2
980,0,135000,0,0,7,1,1,2
981,0,136000,0,0,3,1,1,0
982,100,97750,1,0,2,1,1,2
983,0,170000,0,-1,57,1,1,2
984,0,130000,1,0,9,1,1,2
985,100,180000,0,0,11,1,1,2
986,100,150000,0,0,9,1,1,2
987,0,240500,0,0,11,1,1,0
988,0,100000,0,0,27,1,1,2
989,0,141288,0,0,18,1,1,2
990,100,105000,2,0,30,54,1,0
991,100,210000,3,0,7,1,1,2
992,0,186000,0,0,2,1,1,2
993,0,150000,0,0,4,1,1,2
994,100,120000,0,0,4,1,1,2
995,0,220000,0,0,2,1,1,2
996,100,180000,1,0,9,1,1,2
997,100,43096,2,0,11,4,4,2
998,0,125000,1,0,11,1,1,2
999,0,109000,0,0,11,1,1,2
1000,0,300000,1,0,9,1,1,2
1001,50,42000,2,-1,18,9,8,0
1002,100,112900,0,0,4,1,1,2
1003,100,150000,0,-1,11,1,1,2
1004,0,220000,1,0,34,1,1,2
1005,100,190000,0,0,15,1,1,2
1006,0,175000,0,0,11,1,1,2
1007,0,150000,1,0,4,1,1,-1
1008,100,95000,2,0,4,1,1,2
1009,100,85000,0,0,9,1,1,2
1010,0,172200,0,0,26,1,1,2
1011,0,110000,-1,0,49,1,1,2
1012,100,150000,0,0,11,1,1,2
1013,0,100000,1,0,4,1,1,2
1014,100,16228,2,0,29,6,6,0
1015,0,250000,1,0,11,1,1,2
1016,0,115000,0,0,11,1,1,2
1017,0,145000,3,0,2,1,1,2
1018,0,150000,0,0,6,1,1,2
1019,0,110000,0,0,4,1,1,2
1020,50,100000,0,0,61,9,8,0
1021,100,131300,0,0,15,1,1,0
1022,100,190000,0,0,40,1,1,2
1023,0,180000,0,0,2,1,1,2
1024,100,126000,0,-1,11,1,1,2
1025,0,175000,0,0,11,1,1,2
1026,0,120000,1,-1,2,1,1,2
1027,0,64500,1,0,4,1,1,2
1028,100,200000,0,0,4,1,1,0
1029,0,216200,0,0,4,1,1,2
1030,100,120000,0,-1,4,1,1,2
1031,100,105000,0,0,4,1,1,2
1032,0,100000,0,0,6,1,1,2
1033,0,220000,1,0,26,1,1,2
1034,0,100000,-1,0,18,1,1,2
1035,100,230000,0,0,11,1,1,2
1036,50,18238,1,0,31,6,6,0
1037,0,110000,0,0,30,1,1,2
1038,0,72914,1,0,47,4,4,2
1039,0,145000,1,0,2,1,1,2
1040,0,200000,3,0,11,1,1,2
1041,0,82365,0,0,2,1,1,2
1042,50,116914,1,0,2,4,4,0
1043,0,137500,0,0,4,1,1,2
1044,0,130000,1,0,4,1,1,2
1045,0,100500,0,0,4,1,1,-1
1046,0,129300,0,0,2,1,1,2
1047,0,108000,2,0,9,1,1,1
1048,50,62726,2,0,2,3,3,1
1049,0,24000,-1,0,11,1,1,2
1050,100,57723,1,0,23,4,4,2
1051,100,71907,2,0,2,1,1,2
1052,100,5132,1,0,67,51,51,2
1053,0,95000,1,0,11,1,1,2
1054,0,145000,1,0,11,1,1,2
1055,0,50432,0,0,4,0,0,2
1056,100,150000,2,0,4,1,1,0
1057,0,136000,0,0,3,1,1,0
1058,100,185000,0,0,2,1,1,2
1059,0,167580,0,0,11,1,1,2
1060,0,130000,1,0,16,1,1,2
1061,0,130000,0,0,11,1,1,2
1062,100,122500,0,-1,7,1,1,-1
1063,100,160000,1,0,11,1,1,2
1064,100,61566,-1,0,11,4,4,2
1065,0,175000,1,0,9,1,1,-1
1066,0,75000,0,0,11,1,1,2
1067,0,150000,0,0,2,1,1,2
1068,50,74000,1,0,9,64,64,1
1069,0,100000,0,0,11,1,1,-1
1070,50,76309,3,0,88,6,6,0
1071,0,120000,1,0,11,1,1,2
1072,100,112900,0,0,4,1,1,2
1073,100,130000,3,0,4,1,1,2
1074,50,53654,0,0,24,12,11,1
1075,0,9466,1,0,2,6,6,1
1076,0,135000,0,0,4,1,1,2
1077,100,212800,0,0,3,1,1,2
1078,0,197000,0,0,7,1,1,2
1079,100,150000,0,0,11,1,1,2
1080,100,43809,1,0,4,4,4,2
1081,0,180000,0,0,2,1,1,2
1082,100,172600,0,0,11,1,1,2
1083,100,150075,0,0,4,1,1,2
1084,0,95000,-1,0,4,1,1,2
1085,0,120000,0,0,2,2,2,-1
1086,0,130000,0,0,4,1,1,2
1087,0,85000,0,0,51,1,1,2
1088,100,200000,0,0,9,1,1,0
1089,100,164000,0,0,3,1,1,2
1090,100,100000,0,0,4,1,1,2
1091,100,136000,0,0,2,1,1,2
1092,100,44365,1,0,67,29,40,1
1093,100,194000,0,0,11,1,1,2
1094,0,203500,0,0,2,1,1,2
1095,0,110600,0,0,4,1,1,2
1096,0,150000,1,0,9,1,1,-1
1097,0,119300,0,0,2,1,1,0
1098,50,63040,0,0,9,14,12,1
1099,100,179305,0,0,11,1,1,2
1100,100,190000,0,0,7,1,1,2
1101,0,163800,0,0,11,1,1,2
1102,50,60757,0,0,18,8,24,0
1103,100,130000,0,-1,7,1,1,2
1104,0,300000,0,0,11,1,1,2
1105,100,276000,0,0,11,1,1,2
1106,0,189110,0,0,6,1,1,2
1107,100,173000,0,0,7,1,1,2
1108,100,175000,0,0,11,1,1,2
1109,100,55000,0,0,4,1,1,2
1110,0,150000,0,0,11,1,1,0
1111,0,106800,0,0,11,1,1,-1
1112,100,205000,0,0,3,1,1,2
1113,100,90000,2,0,2,1,1,1
1114,0,110000,0,0,2,2,2,2
1115,0,174500,0,0,15,1,1,2
1116,0,250500,0,0,15,1,1,2
1117,0,62000,1,0,4,1,1,2
1118,100,51081,2,-1,2,2,2,0
1119,100,130000,0,0,2,1,1,2
1120,0,105000,1,0,4,1,1,2
1121,0,95000,1,0,11,1,1,2
1122,100,130000,0,0,7,1,1,2
1123,100,154600,-1,0,2,1,1,2
1124,100,153600,0,0,2,1,1,2
1125,100,79197,0,0,72,3,3,0
1126,100,135000,0,0,11,1,1,2
1127,100,159200,-1,0,2,1,1,0
1128,100,22800,1,0,34,60,59,2
1129,0,129000,0,0,11,1,1,2
1130,0,90000,2,0,11,1,1,2
1131,50,153000,1,0,34,1,1,2
1132,0,204500,0,0,9,1,1,2
1133,0,162500,0,0,2,1,1,2
1134,100,231500,0,0,11,1,1,2
1135,100,310000,3,0,11,1,1,2
1136,0,73880,1,0,7,4,4,2
1137,100,60093,1,0,2,19,3,2
1138,100,135000,1,0,4,1,1,2
1139,0,174000,0,0,6,3,3,2
1140,100,50000,2,0,2,6,1,2
1141,100,250000,0,0,11,1,1,2
1142,0,130000,1,0,11,1,1,2
1143,100,49253,1,0,56,4,4,2
1144,100,73546,1,0,11,37,33,2
1145,100,68428,0,0,2,37,1,0
1146,0,100000,0,0,9,1,1,2
1147,0,150000,1,0,11,1,1,2
1148,0,165000,-1,0,30,1,1,2
1149,0,200000,0,0,18,1,1,2
1150,100,85847,0,0,6,3,3,1
1151,100,140000,0,0,46,1,1,2
1152,0,51321,2,0,2,12,11,1
1153,100,140000,0,0,2,1,1,2
1154,100,50000,0,-1,4,58,56,1
1155,100,92350,1,0,11,4,4,2
1156,0,160000,-1,0,4,1,1,2
1157,0,109400,0,0,9,1,1,2
1158,100,205600,0,0,11,1,1,2
1159,0,300240,0,0,2,1,1,2
1160,0,105200,0,0,27,1,1,2
1161,0,110446,1,0,11,44,43,2
1162,0,220000,0,0,2,1,1,2
1163,0,85000,1,0,18,1,1,2
1164,100,160000,0,0,11,1,1,2
1165,0,227000,0,0,4,1,1,-1
1166,0,140000,0,0,11,1,1,2
1167,0,140000,0,0,2,1,1,2
1168,0,146000,0,0,2,1,1,2
1169,0,129000,0,0,11,1,1,2
1170,0,72914,1,0,4,28,27,2
1171,100,92000,0,0,15,4,4,2
1172,0,122700,0,0,9,1,1,2
1173,0,205920,1,0,52,1,1,2
1174,100,115000,0,0,40,1,1,2
1175,0,159832,0,0,2,1,1,2
1176,100,154000,0,0,11,1,1,2
1177,0,200000,0,0,18,1,1,2
1178,100,150000,0,0,83,1,1,2
1179,0,120000,1,0,11,1,1,2
1180,0,130000,1,0,11,1,1,2
1181,100,109280,0,0,4,1,1,2
1182,0,120000,0,-1,7,1,1,2
1183,0,309400,0,0,3,1,1,0
1184,0,191200,0,0,11,1,1,-1
1185,0,85000,3,0,54,68,25,2
1186,0,240000,0,0,1,1,1,2
1187,50,46759,1,0,4,12,11,0
1188,0,40663,2,0,4,2,2,0
1189,100,200000,3,0,34,1,1,1
1190,100,75000,1,0,4,1,1,2
1191,100,259000,0,0,11,1,1,2
1192,50,127221,0,-1,65,2,2,0
1193,0,180000,0,0,11,1,1,2
1194,100,177500,0,0,2,1,1,2
1195,0,130000,1,0,11,1,1,-1
1196,100,216000,0,0,11,1,1,2
1197,0,60938,2,0,53,3,3,0
1198,100,92350,1,-1,11,4,4,2
1199,100,153000,0,0,11,1,1,0
1200,100,119059,1,0,2,21,15,2
1201,0,222200,0,0,3,1,1,0
1202,100,297500,-1,0,11,1,1,2
1203,0,165000,1,0,4,1,1,2
1204,0,99000,-1,0,4,1,1,2
1205,100,60938,1,0,2,3,3,1
1206,100,192500,0,0,4,1,1,-1
1207,0,223250,0,0,11,1,1,-1
1208,50,36259,1,0,53,48,1,0
1209,100,376080,0,0,15,1,1,-1
1210,0,205000,0,0,2,1,1,2
1211,100,117000,0,0,15,1,1,2
1212,0,183310,1,0,2,1,1,2
1213,100,183500,0,0,2,1,1,2
1214,100,213120,0,0,15,1,1,2
1215,100,90000,0,0,2,1,1,2
1216,100,75000,-1,0,4,1,1,2
1217,0,215000,0,0,12,1,1,2
1218,100,75000,0,0,11,1,1,2
1219,100,53416,1,0,2,6,58,0
1220,100,140000,0,0,9,1,1,2
1221,0,67723,1,0,2,4,4,2
1222,0,135000,0,0,67,1,1,2
1223,100,126000,0,0,11,1,1,2
1224,0,155000,3,0,15,1,1,2
1225,0,109000,1,0,4,1,1,2
1226,0,170000,1,0,2,1,1,2
1227,100,200000,0,0,11,1,1,0
1228,0,110600,0,0,4,1,1,2
1229,100,180000,0,0,9,1,1,2
1230,100,127000,0,-1,4,1,1,2
1231,50,73546,1,0,2,9,8,0
1232,100,180000,0,0,15,1,1,2
1233,0,170000,0,0,11,1,1,2
1234,100,236600,0,0,4,1,1,2
1235,0,126000,0,0,9,1,1,2
1236,0,145000,1,0,9,1,1,2
1237,100,85000,1,0,4,1,1,0
1238,100,155000,0,0,2,1,1,2
1239,0,170000,-1,0,34,1,1,2
1240,100,150000,2,0,60,13,19,1
1241,100,188700,0,0,11,1,1,2
1242,0,91237,0,0,2,19,49,1
1243,0,67141,-1,0,9,4,4,2
1244,50,31520,2,0,2,0,0,2
1245,100,46809,1,0,2,0,0,2
1246,0,147000,1,0,1,1,1,2
1247,100,95000,1,0,11,0,0,-1
1248,100,160000,0,0,11,1,1,2
1249,0,170000,1,0,11,1,1,2
1250,0,106500,0,0,11,1,1,2
1251,100,92700,2,0,11,1,1,2
1252,100,82528,1,0,11,4,4,0
1253,0,176100,0,0,9,1,1,0
1254,100,165000,0,0,11,1,1,2
1255,0,90000,0,0,57,1,1,2
1256,0,130000,0,0,11,1,1,2
1257,0,215300,0,0,2,1,1,0
1258,0,169000,0,0,4,1,1,2
1259,100,138750,0,0,26,1,1,2
1260,100,141525,0,0,2,1,1,2
1261,0,95000,0,0,11,1,1,2
1262,100,200000,0,0,11,1,1,2
1263,0,205000,3,0,11,1,1,2
1264,0,105000,0,0,51,1,1,2
1265,100,210000,0,0,2,1,1,2
1266,100,28399,2,0,2,6,6,2
1267,0,128500,0,0,4,1,1,2
1268,100,155000,1,0,2,1,1,0
1269,0,225000,0,0,2,1,1,2
1270,50,108000,1,0,2,1,1,0
1271,0,149076,0,0,2,1,1,2
1272,100,85066,1,0,23,4,4,-1
1273,0,134000,0,0,2,1,1,2
1274,0,150000,0,0,2,1,1,2
1275,0,129000,0,0,11,1,1,2
1276,100,222000,0,0,11,1,1,2
1277,100,145000,0,0,2,1,1,2
1278,0,185000,0,0,11,1,1,2
1279,100,46597,1,0,9,29,40,0
1280,100,123000,0,0,2,1,1,2
1281,100,275300,0,0,2,1,1,2
1282,100,110000,0,0,4,1,1,2
1283,0,300000,0,0,11,1,1,2
1284,100,93700,0,0,4,1,1,2
1285,0,120000,2,0,6,1,1,2
1286,0,100000,1,0,4,1,1,2
1287,100,81666,0,0,4,1,1,2
1288,0,87000,0,0,7,1,1,2
1289,0,162500,1,0,11,1,1,2
1290,100,88654,-1,0,9,45,57,2
1291,0,225000,0,0,64,1,1,2
1292,100,110000,2,3,2,59,11,2
1293,0,100000,0,0,4,1,1,2
1294,100,310000,3,0,11,1,1,2
1295,0,120000,0,0,4,1,1,2
1296,0,178600,0,0,11,1,1,2
1297,100,53654,0,0,60,9,2,0
1298,0,92350,1,0,11,4,4,2
1299,100,24342,0,0,9,6,6,0
1300,100,95746,1,0,60,3,1,1
1301,100,180000,0,0,9,1,1,2
1302,0,120000,0,0,11,1,1,2
1303,100,237000,0,0,2,1,1,2
1304,0,200000,-1,0,11,1,1,2
1305,100,65000,0,0,9,62,60,1
1306,100,184000,0,0,3,1,1,2
1307,100,155000,0,0,2,1,1,2
1308,100,38154,0,0,82,6,6,0
1309,0,120000,1,0,11,1,1,2
1310,0,129300,0,0,11,1,1,2
1311,100,188800,0,0,9,1,1,2
1312,100,100000,2,2,9,47,46,2
1313,0,129000,-1,0,11,1,1,2
1314,100,115934,0,-1,4,1,1,2
1315,0,156400,0,0,2,1,1,2
1316,100,90700,0,0,15,2,2,2
1317,0,165000,0,0,2,1,1,2
1318,0,61566,1,0,4,4,4,2
1319,100,84053,1,0,11,37,33,2
1320,0,162500,1,0,11,1,1,2
1321,100,42533,0,0,4,11,10,2
1322,100,170000,0,0,11,1,1,2
1323,0,159832,0,0,2,1,1,2
1324,0,145828,1,0,9,4,4,2
1325,100,208775,0,0,15,1,1,2
1326,0,122000,0,0,2,1,1,2
1327,0,128000,0,0,50,1,1,-1
1328,50,28368,2,0,4,12,11,2
1329,0,220000,2,0,12,1,1,2
1330,100,135000,1,0,2,1,1,0
1331,50,47899,0,0,11,37,33,0
1332,0,109371,1,0,4,28,27,2
1333,0,183600,0,0,11,1,1,2
1334,100,63040,1,0,11,37,33,2
1335,0,110820,1,0,11,4,4,2
1336,0,120000,1,0,4,1,1,2
1337,0,160000,0,0,49,1,1,2
1338,0,145000,0,0,11,1,1,2
1339,100,135000,0,0,11,1,1,2
1340,0,125000,2,0,12,1,1,2
1341,100,130000,1,0,2,1,1,2
1342,0,140000,1,0,19,1,1,2
1343,0,239748,0,0,2,1,1,2
1344,0,132300,0,0,11,1,1,2
1345,0,115000,1,0,11,1,1,2
1346,100,131300,0,0,11,1,1,0
1347,0,205600,0,0,11,1,1,0
1348,0,39916,2,0,2,12,11,2
1349,100,191475,0,0,2,1,1,-1
1350,100,120000,1,0,4,1,1,2
1351,0,99100,0,0,11,1,1,2
1352,100,125000,0,0,36,20,17,0
1353,100,123000,0,0,2,1,1,2
1354,100,184000,0,0,9,1,1,2
1355,100,150000,0,0,11,1,1,2
1356,0,185000,-1,0,2,1,1,2
1357,100,158200,0,0,2,1,1,0
1358,0,160000,0,0,11,1,1,2
1359,100,100000,0,0,4,1,1,-1
1360,0,262500,0,0,3,1,1,0
1361,0,100000,0,0,2,1,1,0
1362,0,222640,3,0,26,1,1,-1
1363,0,75000,1,0,11,1,1,2
1364,100,110000,-1,-1,46,1,1,2
1365,100,192000,0,0,9,1,1,2
1366,0,160000,0,0,11,1,1,2
1367,0,102000,1,0,11,1,1,2
1368,0,150000,0,0,2,1,1,2
1369,0,175000,3,0,11,1,1,2
1370,0,94300,0,0,11,1,1,2
1371,0,100000,0,0,11,1,1,2
1372,0,120000,-1,0,4,1,1,2
1373,100,70000,2,0,60,1,1,2
1374,100,41689,2,0,11,64,64,1
1375,0,245100,0,0,26,1,1,2
1376,0,140000,1,0,11,1,1,2
1377,100,90000,2,0,50,1,1,1
1378,100,167000,1,-1,4,1,1,2
1379,0,120000,1,0,11,1,1,2
1380,0,129300,0,0,2,1,1,2
1381,0,134000,0,0,2,1,1,2
1382,50,147000,1,0,2,1,1,0
1383,0,134236,0,0,26,1,1,2
1384,0,252000,0,0,11,1,1,2
1385,0,184700,0,0,7,1,1,2
1386,0,248700,0,0,9,1,1,2
1387,0,179820,0,0,7,1,1,2
1388,0,125000,0,-1,4,1,1,2
1389,0,48000,2,0,4,1,1,2
1390,0,125600,0,0,4,1,1,2
1391,0,140000,1,0,19,1,1,2
1392,100,82280,0,0,11,4,4,2
1393,0,142200,0,0,9,1,1,2
1394,100,325000,3,0,33,1,1,0
1395,100,170000,1,0,15,1,1,0
1396,100,150000,0,0,2,1,1,2
1397,100,129400,0,0,11,1,1,2
1398,0,132000,0,0,4,1,1,2
1399,100,183500,0,0,2,1,1,2
1400,0,98506,0,0,2,4,4,2
1401,0,37558,0,0,11,8,24,2
1402,0,168400,0,0,11,1,1,2
1403,0,120000,0,0,11,1,1,-1
1404,100,141525,-1,0,2,1,1,2
1405,0,105000,0,-1,11,1,1,2
1406,50,94665,0,0,26,6,6,0
1407,0,120000,0,0,27,1,1,2
1408,0,204500,0,0,9,1,1,2
1409,0,145000,0,0,4,1,1,2
1410,0,80000,1,0,4,1,1,-1
1411,100,110000,1,0,4,1,1,2
1412,100,154600,0,0,11,1,1,2
1413,0,119000,0,0,9,1,1,2
1414,100,104697,1,0,9,10,9,0
1415,0,168400,0,0,4,1,1,2
1416,0,135000,0,0,4,1,1,2
1417,100,154000,0,0,2,1,1,2
1418,0,153600,0,0,4,1,1,2
1419,100,134000,0,0,2,1,1,2
1420,0,128280,0,0,9,1,1,2
1421,0,108000,0,0,4,1,1,2
1422,100,110000,0,0,2,1,1,2
1423,0,70500,0,0,11,1,1,2
1424,100,100000,0,0,11,1,1,2
1425,50,50000,2,0,4,30,1,0
1426,100,185000,0,0,9,24,22,2
1427,100,120000,0,0,19,1,1,-1
1428,100,182200,0,0,2,1,1,-1
1429,100,95000,0,0,30,1,1,2
1430,100,200000,1,0,2,1,1,2
1431,0,48000,2,0,4,1,1,2
1432,0,120000,0,0,11,1,1,2
1433,0,106500,0,0,11,1,1,2
1434,0,135000,2,0,11,1,1,2
1435,100,112300,1,0,34,1,1,0
1436,100,95000,0,0,4,1,1,2
1437,0,229998,0,0,11,1,1,0
1438,100,120000,0,0,7,1,1,-1
1439,0,210000,0,0,18,1,1,2
1440,0,95000,0,0,4,1,1,2
1441,100,125000,0,0,68,1,1,0
1442,100,134000,1,0,35,1,1,2
1443,0,140800,0,0,2,1,1,2
1444,50,185000,0,0,9,1,1,0
1445,50,54094,0,0,26,6,1,0
1446,100,34320,2,3,4,1,1,1
1447,100,136994,0,0,2,1,1,2
1448,100,304000,0,0,9,1,1,2
1449,100,243225,0,0,26,1,1,2
1450,100,210000,1,0,18,1,1,2
1451,0,113000,0,0,15,1,1,2
1452,100,110000,0,0,11,1,1,2
1453,100,54000,1,0,2,26,23,2
1454,100,146000,0,0,11,1,1,-1
1455,0,180000,0,0,11,1,1,2
1456,0,110600,0,0,4,1,1,2
1457,100,286000,3,0,11,1,1,2
1458,100,170000,0,0,31,1,1,0
1459,100,128875,0,0,4,1,1,2
1460,0,63000,0,0,11,1,1,2
1461,50,55000,2,0,53,1,1,1
1462,0,10000,1,0,2,53,52,2
1463,0,156400,0,0,2,1,1,2
1464,50,53192,0,0,2,12,11,-1
1465,0,75000,1,0,41,1,1,2
1466,0,204500,0,0,9,1,1,2
1467,0,150000,-1,0,4,1,1,2
1468,50,19073,2,3,60,56,54,0
1469,100,125000,2,0,9,1,1,1
1470,0,229000,0,0,11,1,1,2
1471,100,60000,2,0,6,4,4,-1
1472,100,230000,0,0,3,1,1,2
1473,0,141290,0,0,4,1,1,2
1474,0,185000,-1,0,18,1,1,2
1475,0,213000,0,0,11,1,1,2
1476,100,113900,0,0,15,1,1,2
1477,0,61566,1,0,2,4,4,2
1478,0,164996,0,0,9,1,1,2
1479,0,150000,0,0,11,1,1,2
1480,100,162500,0,0,11,1,1,2
1481,100,237000,0,0,2,1,1,-1
1482,0,128000,0,0,15,1,1,2
1483,100,115222,3,0,87,2,2,1
1484,100,63000,0,0,11,1,1,2
1485,0,239000,0,0,2,1,1,0
1486,100,101943,0,0,11,16,14,2
1487,0,90320,0,0,4,1,1,2
1488,100,135000,0,0,15,1,1,2
1489,50,12767,2,0,2,6,6,0
1490,0,140000,0,0,11,1,1,2
1491,0,50432,0,0,4,0,0,2
1492,0,7000,2,0,37,18,16,1
1493,100,100000,2,0,2,1,1,2
1494,0,175000,0,0,4,1,1,2
1495,100,158677,0,0,2,1,1,2
1496,100,141525,0,0,2,1,1,2
1497,100,191475,0,0,2,1,1,2
1498,0,129000,0,0,11,1,1,2
1499,100,178800,0,-1,11,1,1,0
1500,0,129000,0,0,11,1,1,2
1501,100,380000,0,0,21,1,1,0
1502,100,58331,1,0,9,4,4,2
1503,0,160000,2,0,6,1,1,2
1504,0,106020,0,0,4,1,1,2
1505,0,200000,3,0,2,1,1,2
1506,100,109280,0,0,4,1,1,2
1507,0,195000,0,0,2,1,1,-1
1508,100,115000,0,0,11,1,1,1
1509,0,250000,0,0,7,1,1,2
1510,0,204500,0,0,9,1,1,2
1511,0,169000,0,0,4,1,1,2
1512,100,210000,0,0,11,1,1,2
1513,0,160000,1,0,4,1,1,2
1514,100,130000,0,0,11,1,1,2
1515,0,81500,0,0,11,1,1,2
1516,100,45618,0,0,9,28,27,1
1517,0,136000,0,0,2,1,1,2
1518,100,17805,-1,0,2,6,6,2
1519,100,136260,0,0,4,1,1,2
1520,100,250000,-1,0,85,1,1,2
1521,0,293000,0,0,6,1,1,2
1522,50,70139,1,0,11,12,11,0
1523,0,195800,3,0,54,1,1,2
1524,100,16904,1,0,2,6,6,1
1525,100,25500,1,1,1,1,1,1
1526,0,220000,0,0,9,1,1,2
1527,0,148500,0,0,4,1,1,2
1528,100,89200,0,0,4,1,1,2
1529,100,127000,0,0,4,1,1,2
1530,100,200000,0,0,26,1,1,2
1531,50,61566,1,0,39,4,4,1
1532,0,155000,0,0,11,1,1,2
1533,0,205600,0,0,11,1,1,0
1534,0,135000,2,0,11,1,1,2
1535,0,269600,3,0,25,1,1,-1
1536,100,115000,0,0,11,1,1,2
1537,0,110000,0,0,11,1,1,2
1538,100,110000,1,0,2,1,1,0
1539,0,85000,2,0,11,1,1,2
1540,0,162500,1,0,11,1,1,2
1541,100,94000,0,0,11,2,2,2
1542,0,153400,0,0,9,1,1,2
1543,0,100000,-1,0,11,1,1,-1
1544,0,247500,0,0,9,1,1,2
1545,0,105000,1,0,4,1,1,2
1546,0,95000,1,0,11,1,1,2
1547,100,61800,2,0,11,1,1,2
1548,0,353200,3,0,33,1,1,2
1549,100,130000,0,0,7,1,1,2
1550,100,112900,0,0,4,1,1,2
1551,100,212750,0,0,2,1,1,2
1552,0,99000,0,0,4,1,1,2
1553,0,178750,0,0,11,1,1,2
1554,0,198440,0,0,2,1,1,2
1555,100,100800,0,0,11,1,1,0
1556,0,185900,0,0,2,1,1,2
1557,0,206000,1,0,4,1,1,2
1558,100,195400,0,0,9,1,1,0
1559,0,61566,1,0,11,4,4,2
1560,100,130000,0,0,11,1,1,2
1561,0,253200,0,0,11,1,1,2
1562,0,102100,0,0,11,1,1,2
1563,100,215000,0,0,11,1,1,-1
1564,0,370000,0,0,18,1,1,2
1565,100,166000,0,0,11,1,1,2
1566,100,200000,1,0,11,1,1,0
1567,100,160000,0,0,11,1,1,2
1568,0,60000,0,0,4,1,1,2
1569,0,129300,0,0,2,1,1,2
1570,100,200000,0,0,79,4,4,-1
1571,0,141846,-1,0,33,3,3,0
1572,0,68293,0,0,11,0,0,2
1573,100,49253,2,0,11,4,4,2
1574,100,180000,0,0,2,1,1,0
1575,100,272550,0,0,2,1,1,2
1576,0,46178,1,0,4,4,4,2
1577,0,155000,2,0,6,1,1,2
1578,0,142200,0,0,9,1,1,2
1579,100,243000,0,0,1,1,1,2
1580,100,196000,0,0,3,1,1,2
1581,100,135000,0,0,15,1,1,2
1582,100,136000,1,0,4,1,1,2
1583,100,155000,0,0,4,1,1,2
1584,0,275000,0,0,11,1,1,2
1585,0,162000,0,0,11,1,1,2
1586,0,61200,1,0,4,1,1,2
1587,0,149600,1,0,11,1,1,2
1588,100,100000,-1,0,2,26,1,2
1589,100,76814,1,0,69,2,2,2
1590,100,297300,0,-1,2,1,1,2
1591,0,125000,1,0,34,1,1,1
1592,100,151800,1,0,18,1,1,2
1593,50,50000,-1,0,4,1,1,0
1594,50,45896,2,0,36,56,54,1
1595,100,95000,1,0,11,1,1,2
1596,0,115934,0,0,4,1,1,2
1597,100,135000,0,0,46,1,1,2
1598,100,187500,0,0,11,1,1,2
1599,100,141525,0,0,2,1,1,2
1600,0,48289,0,0,2,0,0,2
1601,0,160000,2,0,11,1,1,2
1602,0,100000,1,0,2,1,1,2
1603,0,120000,2,0,2,1,1,2
1604,100,180000,2,0,69,1,1,0
1605,100,90000,0,0,2,1,1,2
1606,100,140250,0,0,7,1,1,2
1607,100,88654,0,0,79,37,54,0
1608,100,184000,0,0,3,1,1,2
1609,0,40777,0,0,4,0,0,2
1610,100,179975,0,0,4,1,1,2
1611,0,205000,0,0,2,1,1,2
1612,100,127075,0,0,4,1,1,2
1613,100,80036,1,0,11,4,4,2
1614,0,90700,0,0,2,1,1,2
1615,0,116000,1,0,4,1,1,2
1616,100,107000,0,0,2,1,1,2
1617,100,81666,0,0,4,1,1,-1
1618,100,60000,2,0,4,1,1,2
1619,50,145000,1,0,18,1,1,0
1620,100,110000,3,0,4,1,1,2
1621,0,130000,0,0,11,1,1,2
1622,0,172386,1,0,2,4,4,2
1623,100,15966,2,3,1,3,3,1
1624,0,64385,2,0,17,3,3,2
1625,0,105000,0,0,2,1,1,2
1626,0,52500,0,0,4,1,1,-1
1627,0,65000,0,0,4,1,1,2
1628,0,68293,0,0,11,0,0,2
1629,100,209450,0,0,2,1,1,2
1630,0,140000,0,0,2,1,1,2
1631,0,153600,0,0,11,1,1,2
1632,100,142000,0,0,3,1,1,2
1633,0,78000,0,0,11,1,1,2
1634,100,144000,0,0,11,1,1,2
1635,0,147100,0,0,5,1,1,2
1636,0,82365,0,0,2,1,1,2
1637,100,130000,0,0,11,1,1,2
1638,100,150260,0,0,19,1,1,2
1639,0,105500,0,0,4,1,1,2
1640,100,310000,3,0,11,1,1,2
1641,100,130000,0,0,2,1,1,2
1642,100,104650,0,0,2,1,1,2
1643,0,143860,0,0,7,1,1,2
1644,100,28016,1,0,11,53,52,2
1645,100,184000,0,0,3,1,1,2
1646,0,247500,0,0,9,1,1,2
1647,0,58000,1,0,4,1,1,1
1648,100,154600,0,0,11,1,1,0
1649,100,125000,0,0,11,1,1,2
1650,100,170000,0,0,4,1,1,2
1651,100,160000,0,0,11,2,2,2
1652,50,12000,1,2,34,41,37,2
1653,0,122000,0,0,50,1,1,2
1654,100,318300,0,0,9,1,1,2
1655,0,204500,-1,0,9,1,1,2
1656,0,106800,0,0,4,1,1,2
1657,100,243900,0,0,11,1,1,2
1658,0,198440,0,0,2,1,1,0
1659,0,105000,1,0,11,1,1,2
1660,100,239000,3,0,11,1,1,2
1661,0,95000,0,0,11,1,1,2
1662,100,162000,0,0,11,1,1,2
1663,0,106020,0,0,4,1,1,2
1664,0,120000,1,0,11,1,1,2
1665,0,165000,0,0,11,1,1,2
1666,0,72914,1,0,2,4,4,2
1667,100,200000,1,0,11,1,1,0
1668,0,220000,0,0,0,1,1,0
1669,0,154000,0,0,2,1,1,2
1670,0,230000,0,0,11,1,1,2
1671,100,48289,1,-1,11,23,21,2
1672,0,90000,-1,0,10,2,2,2
1673,0,48000,2,0,4,1,1,2
1674,0,153600,-1,0,4,1,1,2
1675,0,120000,1,0,11,1,1,2
1676,0,149850,0,0,6,1,1,2
1677,100,200000,0,0,2,1,1,2
1678,0,52533,1,0,85,37,33,2
1679,0,139500,0,0,9,1,1,2
1680,0,192000,0,0,11,1,1,2
1681,0,120000,0,0,11,1,1,2
1682,100,150000,1,0,11,1,1,2
1683,100,170000,0,0,11,1,1,2
1684,0,21461,2,0,20,0,0,2
1685,0,190000,0,0,9,1,1,2
1686,100,63040,1,0,2,12,11,2
1687,100,182750,0,0,11,1,1,2
1688,0,155000,1,0,19,1,1,2
1689,100,200000,0,0,7,1,1,2
1690,100,175000,0,0,4,1,1,2
1691,100,100000,1,0,45,1,1,2
1692,100,246000,0,0,9,1,1,2
1693,100,98200,1,0,1,1,1,0
1694,100,185000,0,-1,2,1,1,2
1695,0,145000,1,0,2,1,1,2
1696,0,257000,0,0,2,1,1,2
1697,50,77684,0,0,2,12,11,2
1698,100,115000,0,0,15,1,1,2
1699,0,175308,0,0,11,1,1,2
1700,100,203500,0,0,1,1,1,2
1701,100,194000,0,0,11,1,1,2
1702,0,105200,0,0,15,1,1,2
1703,100,130000,0,0,4,1,1,2
1704,0,120000,1,0,2,1,1,2
1705,0,39925,0,0,4,0,0,2
1706,100,183500,0,0,7,1,1,2
1707,0,106800,0,0,11,1,1,2
1708,0,105200,0,0,27,1,1,2
1709,100,135000,0,0,2,1,1,2
1710,0,146300,0,0,18,1,1,2
1711,50,50000,2,0,4,1,1,0
1712,100,19609,1,-1,31,6,6,0
1713,0,300000,0,0,11,1,1,2
1714,100,207000,3,0,11,1,1,2
1715,0,102772,1,0,18,4,4,2
1716,100,239000,3,0,11,1,1,2
1717,0,187500,1,0,2,1,1,2
1718,100,130000,3,0,2,1,1,-1
1719,0,135000,2,0,11,1,1,2
1720,100,165000,0,0,2,1,1,0
1721,100,170000,0,0,7,1,1,2
1722,0,80000,1,0,4,1,1,2
1723,0,226700,0,0,11,1,1,2
1724,0,153600,0,0,4,1,1,2
1725,100,100000,0,0,9,1,1,2
1726,0,193900,0,0,9,1,1,2
1727,0,167500,1,0,15,1,1,2
1728,0,130000,1,0,11,1,1,2
1729,0,43809,1,0,4,4,4,2
1730,0,47280,0,0,2,0,0,2
1731,0,144100,0,0,4,1,1,2
1732,0,115000,0,0,11,1,1,2
1733,100,145000,0,0,11,1,1,2
1734,0,144000,0,-1,34,1,1,2
1735,50,230000,3,0,25,68,25,0
1736,0,51039,1,0,2,4,4,2
1737,50,12877,2,-1,20,37,33,0
1738,100,10000,2,0,4,5,5,1
1739,100,37825,1,0,2,0,0,0
1740,50,8000,1,0,4,41,37,0
1741,100,76958,1,0,2,4,4,1
1742,100,116000,0,0,4,1,1,2
1743,0,102100,0,0,15,1,1,2
1744,100,168000,0,0,2,1,1,2
1745,100,185000,0,0,2,1,1,2
1746,100,60400,1,0,11,1,1,2
1747,100,100000,0,0,20,1,1,0
1748,0,164996,0,0,9,1,1,2
1749,100,210000,0,0,2,1,1,2
1750,0,230000,0,0,7,1,1,2
1751,0,124234,2,0,2,1,1,-1
1752,0,248100,0,0,18,2,2,2
1753,0,220000,0,0,1,1,1,2
1754,0,170000,0,0,2,1,1,2
1755,0,130000,0,0,11,1,1,2
1756,0,185900,0,0,2,1,1,2
1757,0,124000,1,0,4,1,1,2
1758,0,100000,1,0,4,1,1,2
1759,0,200000,0,0,4,1,1,2
1760,100,80041,0,0,7,4,4,2
1761,100,221300,0,0,30,1,1,0
1762,0,193900,1,0,9,1,1,2
1763,0,185900,0,0,2,1,1,2
1764,0,153600,0,0,11,1,1,-1
1765,100,75000,-1,0,89,2,2,1
1766,0,185900,0,0,11,1,1,2
1767,0,140000,0,0,65,1,1,2
1768,0,88100,0,0,2,1,1,2
1769,100,170500,0,0,4,1,1,2
1770,0,175000,0,0,4,1,1,2
1771,0,100000,0,0,4,1,1,2
1772,0,105200,0,0,2,1,1,2
1773,0,132320,0,0,11,1,1,2
1774,0,150000,0,0,18,1,1,2
1775,0,85500,0,0,4,1,1,2
1776,0,139500,0,0,11,1,1,2
1777,0,47280,0,0,2,0,0,2
1778,0,90700,0,0,11,1,1,2
1779,100,30523,1,2,38,6,6,1
1780,0,250000,0,0,2,1,1,2
1781,0,200000,1,0,7,1,1,2
1782,0,106800,0,0,4,1,1,-1
1783,100,12000,2,3,36,26,1,1
1784,0,116000,1,-1,11,1,1,2
1785,0,135000,2,0,11,1,1,2
1786,100,15000,2,0,69,27,26,0
1787,0,125000,0,0,4,1,1,2
1788,0,93000,2,0,2,1,1,2
1789,50,38631,1,0,36,0,0,-1
1790,0,122700,0,0,9,1,1,2
1791,0,125000,2,0,11,1,1,2
1792,100,200000,0,0,11,55,53,2
1793,0,142200,0,0,9,1,1,2
1794,0,37824,-1,0,2,0,0,2
1795,100,135000,-1,0,72,1,1,0
1796,100,98506,1,0,11,4,4,2
1797,0,140400,0,0,2,1,1,2
1798,0,100000,0,0,11,1,1,0
1799,0,148750,0,0,2,1,1,2
1800,100,128500,0,0,11,1,1,2
1801,100,5679,1,0,2,6,1,1
1802,100,81666,0,0,4,1,1,2
1803,100,10000,2,0,12,8,61,2
1804,100,150000,0,0,9,1,1,2
1805,100,12608,0,0,77,49,50,1
1806,0,79000,-1,0,4,1,1,2
1807,50,5409,1,3,70,6,6,2
1808,50,96282,0,0,11,4,4,0
1809,0,139600,0,0,4,1,1,2
1810,100,141525,0,0,2,1,1,2
1811,100,153000,3,0,7,1,1,2
1812,0,100000,1,0,2,1,1,2
1813,0,250000,-1,0,7,1,1,2
1814,100,183000,0,0,2,1,1,2
1815,100,231250,0,0,11,1,1,2
1816,0,225000,0,0,2,1,1,2
1817,0,38631,0,0,2,0,0,2
1818,0,113000,0,0,15,1,1,2
1819,100,54634,1,0,2,9,8,1
1820,100,112000,0,0,7,1,1,2
1821,0,120000,0,0,26,1,1,2
1822,0,110820,-1,0,2,4,4,2
1823,0,183310,1,0,42,1,1,2
1824,0,113000,-1,0,15,1,1,2
1825,100,210000,0,0,11,1,1,2
1826,0,106500,3,0,11,1,1,2
1827,0,139500,0,-1,11,1,1,2
1828,0,51508,0,-1,4,0,0,2
1829,100,12000,2,0,9,33,42,0
1830,100,171000,0,0,4,1,19,0
1831,100,156400,0,0,2,1,1,2
1832,0,166700,0,0,4,1,1,2
1833,100,75000,0,0,4,1,1,2
1834,100,150000,1,0,2,1,1,2
1835,0,188100,0,0,11,1,1,2
1836,0,145000,0,0,11,1,1,2
1837,100,102100,0,0,4,1,1,2
1838,0,85000,1,0,4,1,1,2
1839,100,239000,3,0,11,1,1,2
1840,0,65000,2,0,11,1,1,2
1841,0,195000,1,0,26,1,1,2
1842,100,193750,0,0,11,1,1,2
1843,0,140000,0,0,2,1,1,2
1844,100,100000,0,0,4,1,1,2
1845,0,80000,1,0,4,1,1,2
1846,100,238000,0,0,2,1,1,2
1847,100,63000,0,0,11,1,1,2
1848,100,206500,0,0,4,1,1,2
1849,100,231250,0,0,11,1,1,2
1850,100,170000,0,0,2,1,1,2
1851,0,54685,1,0,4,4,4,2
1852,0,153600,0,0,4,1,1,2
1853,0,222200,0,0,3,1,1,0
1854,100,50000,0,0,72,31,4,2
1855,50,69133,1,-1,20,2,2,0
1856,100,160000,0,0,2,1,1,0
1857,0,145000,1,0,11,1,1,2
1858,100,21013,2,0,1,8,24,0
1859,100,340000,1,0,18,1,1,2
1860,0,115000,0,0,11,1,1,2
1861,100,75000,2,0,4,1,1,2
1862,100,210914,3,0,11,1,1,2
1863,0,221000,0,0,11,1,1,2
1864,0,133300,0,0,11,1,1,2
1865,0,160000,0,0,2,1,1,2
1866,0,247500,0,0,9,1,1,2
1867,0,100000,1,0,4,1,1,2
1868,100,75020,1,0,43,21,18,0
1869,50,66022,1,0,11,7,4,1
1870,0,115000,0,0,4,1,1,0
1871,0,134024,0,0,2,1,1,2
1872,100,143200,-1,0,7,4,4,2
1873,0,54685,1,0,2,4,4,2
1874,0,105700,0,0,11,1,1,-1
1875,0,185000,0,0,11,1,1,2
1876,0,80036,1,0,9,4,4,2
1877,0,130000,0,0,11,1,1,2
1878,0,142200,-1,0,9,1,1,2
1879,0,204500,0,0,9,1,1,2
1880,0,51716,1,0,50,4,4,2
1881,100,120000,0,0,2,1,1,2
1882,100,198000,0,0,15,1,1,2
1883,0,98000,1,0,27,1,1,2
1884,0,314100,3,0,54,1,1,2
1885,100,161000,-1,0,11,1,1,2
1886,0,155000,0,0,2,1,1,2
1887,0,126000,0,-1,2,1,1,2
1888,0,99000,0,0,11,1,1,2
1889,100,116100,3,0,11,1,1,2
1890,100,100000,1,0,4,1,1,-1
1891,0,81666,0,0,4,1,1,2
1892,100,197430,0,0,11,1,1,2
1893,0,260000,0,0,34,64,64,1
1894,100,150075,0,0,4,1,1,2
1895,100,160000,0,0,11,1,1,2
1896,0,249260,0,0,26,1,1,2
1897,0,160000,0,0,2,1,1,0
1898,100,156400,0,0,2,1,1,2
1899,0,100000,-1,0,11,1,1,2
1900,0,250000,0,0,6,1,1,2
1901,100,90000,-1,0,4,1,1,2
1902,50,375000,0,0,75,1,1,0
1903,0,147000,0,0,11,1,1,2
1904,0,385000,0,0,4,1,1,2
1905,0,138900,0,0,19,1,1,2
1906,100,180000,1,0,2,1,1,2
1907,50,96113,0,0,18,2,2,0
1908,0,165000,1,0,4,1,1,2
1909,0,129300,0,0,2,1,1,2
1910,0,156400,0,0,8,1,1,2
1911,100,144000,0,0,2,1,1,-1
1912,0,175000,1,0,11,1,1,2
1913,0,200000,0,0,18,1,1,2
1914,100,165000,0,0,4,1,1,2
1915,100,201450,0,0,11,1,1,2
1916,0,110600,0,0,4,1,1,2
1917,0,229998,0,0,11,1,1,0
1918,0,185900,0,0,11,1,1,2
1919,100,107000,0,0,11,1,1,2
1920,100,144200,1,0,2,1,1,2
1921,0,153090,0,0,9,1,1,2
1922,100,90000,1,0,2,1,1,2
1923,0,120000,0,0,11,1,1,2
1924,100,130000,0,0,4,1,1,2
1925,0,90700,0,0,11,1,1,2
1926,100,45391,1,0,11,9,8,0
1927,0,67000,2,0,4,2,2,2
1928,100,193000,0,0,45,1,1,2
1929,100,84053,2,0,2,45,57,0
1930,0,92350,1,0,2,4,4,-1
1931,100,165000,0,0,4,1,1,2
1932,0,140000,0,0,11,1,1,2
1933,0,123700,0,0,11,1,1,-1
1934,0,130000,0,0,9,1,1,2
1935,0,128000,0,0,50,1,1,2
1936,0,70000,-1,0,2,1,1,2
1937,100,160000,0,0,77,26,1,1
1938,100,75000,1,0,38,57,1,0
1939,0,105200,0,0,11,1,1,-1
1940,0,120000,0,0,9,1,1,2
1941,100,100000,1,-1,2,1,1,2
1942,100,180000,0,0,2,1,1,2
1943,0,130000,0,0,4,1,1,2
1944,50,10000,0,0,70,2,41,1
1945,0,160000,0,0,2,1,1,2
1946,100,150000,0,0,4,1,1,2
1947,100,136000,0,0,2,1,1,2
1948,100,67723,1,0,11,4,4,2
1949,100,175000,0,0,2,2,2,2
1950,0,109371,1,0,2,4,4,2
1951,0,230000,1,0,9,1,1,2
1952,0,135000,1,0,27,1,1,2
1953,100,156000,0,0,2,1,1,2
1954,100,84000,0,0,1,1,1,2
1955,100,150000,1,0,2,1,1,2
1956,100,200000,0,0,83,1,1,-1
1957,0,143860,0,0,7,1,1,2
1958,100,210000,0,0,9,1,1,2
1959,100,84053,1,0,11,0,0,2
1960,0,149076,0,-1,2,1,1,2
1961,0,154000,1,0,4,1,1,-1
1962,50,53654,1,0,2,40,36,0
1963,100,179775,0,0,26,1,1,2
1964,100,105000,0,1,91,1,1,2
1965,100,231250,0,0,26,1,1,2
1966,100,42000,1,0,11,26,23,2
1967,0,136000,-1,0,11,1,1,2
1968,100,239000,3,0,11,1,1,2
1969,100,201000,0,0,9,1,1,2
1970,0,63000,0,0,7,1,1,2
1971,100,196000,0,0,3,1,1,2
1972,50,48000,2,0,20,1,1,0
1973,100,192564,0,0,15,1,1,2
1974,100,150000,0,0,18,1,1,2
1975,100,130000,0,0,11,1,1,2
1976,50,57872,1,0,2,4,4,2
1977,0,160000,2,0,11,1,1,2
1978,100,18053,2,0,36,6,44,1
1979,0,250000,0,-1,15,1,1,2
1980,100,190000,0,0,11,1,1,2
1981,100,12000,2,3,49,24,1,0
1982,0,190000,2,0,2,1,1,2
1983,0,130000,1,0,2,1,1,2
1984,0,252000,0,0,2,1,1,2
1985,100,104000,0,0,2,1,1,2
1986,0,250000,0,0,11,1,1,2
1987,0,180000,-1,0,15,1,1,2
1988,0,141300,0,0,11,1,1,2
1989,0,125000,0,0,49,1,1,2
1990,100,256000,0,0,1,1,1,-1
1991,0,74540,2,0,2,1,1,2
1992,100,160000,0,0,11,1,1,2
1993,0,240000,0,0,11,1,1,2
1994,100,93700,0,0,4,1,1,2
1995,50,24823,2,0,9,3,3,2
1996,0,70000,0,0,30,1,1,2
1997,0,66265,0,0,9,6,6,0
1998,0,200000,0,0,64,1,1,2
1999,0,160000,1,0,2,1,1,2
2000,0,245000,0,0,2,1,1,2
2001,0,148800,0,0,2,1,1,2
2002,0,120000,0,0,11,1,1,-1
2003,100,144854,0,0,15,1,1,2
2004,0,150000,0,0,4,1,1,2
2005,50,56256,1,0,2,4,4,0
2006,50,120000,2,0,17,35,31,1
2007,100,127000,0,0,4,1,1,2
2008,50,84053,0,0,9,12,11,0
2009,0,65000,1,0,11,1,1,2
2010,0,210000,0,0,18,1,1,2
2011,0,110000,0,0,7,1,1,2
2012,100,148800,0,0,52,1,1,2
2013,100,205000,-1,0,2,1,1,2
2014,100,13493,2,0,11,6,6,0
2015,100,227200,0,0,57,2,2,2
2016,50,125404,2,3,4,50,1,1
2017,100,140000,1,0,11,1,1,0
2018,100,58837,1,0,12,12,11,1
2019,100,108000,0,0,4,1,1,2
2020,100,213120,0,0,15,1,1,2
2021,100,144000,0,0,2,1,1,2
2022,0,160000,0,0,2,1,1,2
2023,100,202000,0,0,11,1,1,2
2024,0,300000,0,0,11,1,1,2
2025,100,85000,2,0,4,1,1,2
2026,0,104300,0,0,2,1,1,0
2027,0,125000,0,0,9,1,1,2
2028,0,72000,0,0,10,2,2,2
2029,100,115360,1,0,2,1,1,2
2030,100,191475,0,0,2,1,1,2
2031,100,160000,0,0,11,1,1,2
2032,50,65013,2,0,11,3,3,2
2033,0,197000,0,0,11,1,1,2
2034,0,185900,0,0,8,1,1,2
2035,0,160000,2,0,11,1,1,2
2036,50,99703,0,0,58,2,2,2
2037,0,167500,0,0,11,1,1,2
2038,0,80000,-1,0,13,1,1,2
2039,100,225000,0,0,11,1,1,2
2040,0,126000,0,0,11,1,1,2
2041,100,175000,1,-1,11,1,1,2
2042,0,115573,1,0,2,9,8,-1
2043,100,50000,1,0,4,1,1,2
2044,100,100000,0,0,11,1,1,2
2045,100,200000,0,0,9,55,53,2
2046,100,135000,0,0,7,1,1,2
2047,100,113900,0,0,15,1,1,2
2048,100,140000,-1,0,2,1,1,2
2049,0,160000,0,0,11,1,1,-1
2050,0,162500,0,0,2,1,1,-1
2051,100,66100,-1,0,4,1,1,2
2052,100,141525,0,0,3,1,1,2
2053,100,115000,0,0,9,2,2,2
2054,100,191475,0,0,2,1,1,2
2055,100,138000,2,0,9,1,1,1
2056,0,204500,0,0,9,1,1,2
2057,100,51962,1,0,2,1,1,2
2058,50,5409,2,0,80,6,6,0
2059,100,104000,0,0,2,1,1,2
2060,100,134000,-1,0,35,1,1,2
2061,100,138750,0,0,7,1,1,2
2062,0,206000,1,0,4,1,1,2
2063,0,80000,0,0,4,1,1,2
2064,100,149040,0,0,15,1,1,2
2065,100,5723,1,0,4,6,6,1
2066,0,129000,0,0,11,1,1,2
2067,0,126000,0,0,9,1,1,2
2068,0,100000,1,0,4,1,1,2
2069,0,247300,0,0,11,1,1,2
2070,0,106800,0,0,11,1,1,2
2071,100,120250,0,0,4,1,1,2
2072,0,112900,0,0,4,1,1,2
2073,0,224000,0,0,2,2,2,2
2074,0,252000,0,0,11,1,1,2
2075,100,133200,0,0,2,1,1,2
2076,100,90320,0,0,4,1,1,2
2077,100,100000,1,0,45,1,1,2
2078,0,65000,2,0,11,1,1,2
2079,0,95000,1,0,11,1,1,2
2080,0,115000,0,-1,11,1,1,2
2081,50,135000,1,0,9,1,1,0
2082,0,80000,1,0,4,1,1,2
2083,100,135000,0,0,11,1,1,2
2084,0,185900,0,0,2,1,1,2
2085,0,260000,0,-1,2,1,1,2
2086,100,71786,0,0,4,2,2,2
2087,100,215050,0,0,2,1,1,-1
2088,0,145300,0,0,2,1,1,2
2089,100,225000,0,0,34,1,2,0
2090,0,133000,0,0,19,9,8,0
2091,0,105700,0,0,11,1,1,0
2092,100,237000,0,0,11,1,1,2
2093,100,25216,2,3,4,0,1,0
2094,0,142200,0,0,9,1,1,2
2095,0,55410,1,0,4,4,4,2
2096,0,145900,0,0,18,2,2,2
2097,100,80000,0,0,4,1,1,-1
2098,0,342300,0,0,9,1,1,0
2099,100,175000,0,0,2,1,1,2
2100,0,145000,0,0,11,1,1,2
2101,100,145000,0,0,11,1,1,2
2102,0,154545,0,0,11,1,1,0
2103,0,63000,0,0,11,1,1,2
2104,0,215000,0,0,18,1,1,2
2105,0,87980,0,0,11,1,1,2
2106,100,210000,0,0,11,1,1,2
2107,100,38000,0,0,2,1,1,2
2108,0,130000,1,0,9,1,1,-1
2109,0,109400,0,0,9,1,1,2
2110,0,129300,0,0,2,1,1,2
2111,0,95550,0,0,2,1,1,2
2112,0,203100,0,0,11,1,1,2
2113,100,100000,1,0,11,1,1,2
2114,0,135000,0,0,9,1,1,-1
2115,100,87000,0,0,4,1,1,2
2116,100,114000,-1,0,15,1,1,2
2117,50,45050,1,0,53,13,19,0
2118,0,132300,0,0,11,1,1,2
2119,0,159500,0,-1,15,1,1,2
2120,0,129300,0,0,2,1,1,2
2121,100,25000,0,0,11,1,1,2
2122,100,173000,0,0,2,1,1,2
2123,100,160080,0,0,11,1,1,2
2124,100,160000,0,0,11,1,1,2
2125,0,185900,0,0,4,1,1,2
2126,0,150000,1,0,4,1,1,2
2127,100,110000,0,0,7,1,1,2
2128,0,105500,0,0,4,1,1,2
2129,100,260000,-1,0,11,1,1,2
2130,0,175000,0,0,2,1,1,2
2131,50,29453,0,-1,50,27,26,2
2132,0,200000,1,0,11,1,1,2
2133,50,21637,2,0,11,6,6,2
2134,100,40000,2,0,2,64,62,0
2135,100,168100,0,0,15,1,1,2
2136,0,241000,0,0,11,1,1,2
2137,0,203000,0,0,6,1,1,2
2138,0,47280,0,0,2,0,0,-1
2139,0,122000,0,0,50,1,1,2
2140,100,161800,0,0,11,1,1,2
2141,100,170000,0,0,2,1,1,2
2142,100,205000,0,0,3,1,1,2
2143,0,186000,0,0,2,1,1,2
2144,100,100000,1,0,53,1,1,2
2145,0,75000,1,0,11,1,1,2
2146,0,115000,0,0,11,1,1,2
2147,0,195000,0,0,2,1,1,2
2148,100,59888,0,0,9,9,8,0
2149,100,146000,0,0,11,1,1,2
2150,100,60000,1,0,45,1,1,2
2151,0,37824,0,0,2,0,0,2
2152,0,180180,0,0,4,1,1,2
2153,100,203000,0,0,2,1,1,2
2154,100,71897,0,0,53,3,3,2
2155,0,175000,-1,-1,11,1,1,2
2156,100,196000,0,0,18,1,1,2
2157,0,175000,0,0,11,1,1,2
2158,100,81666,0,0,4,1,1,2
2159,100,117000,0,0,4,1,1,2
2160,0,169000,-1,0,4,1,1,2
2161,100,157000,3,0,7,1,1,2
2162,50,52008,2,0,2,45,57,1
2163,0,181940,0,0,11,1,1,2
2164,0,116450,0,0,7,1,1,2
2165,0,260000,0,0,3,1,1,0
2166,0,90000,-1,0,2,1,1,2
2167,100,80036,1,0,11,4,4,2
2168,0,142200,0,0,9,1,1,-1
2169,100,137400,0,0,11,2,2,2
2170,100,155499,0,0,0,3,3,2
2171,0,80000,-1,0,13,1,1,2
2172,100,125600,0,0,4,1,1,2
2173,100,130800,1,0,11,0,1,2
2174,0,134000,1,-1,27,1,1,2
2175,100,55410,-1,0,9,4,4,-1
2176,100,115000,0,0,15,1,1,2
2177,0,172000,0,0,2,1,1,2
2178,0,291500,0,0,11,1,1,2
2179,100,150000,-1,0,4,1,1,2
2180,100,92000,0,0,2,1,1,0
2181,0,109000,1,0,4,1,1,2
2182,0,60938,1,0,2,3,3,2
2183,100,61300,0,0,4,2,2,2
2184,50,115000,2,0,9,1,1,0
2185,0,130000,0,0,11,1,1,2
2186,100,262000,0,0,2,1,1,2
2187,0,85066,1,0,4,4,4,2
2188,100,133800,-1,0,11,1,1,2
2189,0,75000,2,0,4,1,1,2
2190,100,146200,0,0,85,1,1,2
2191,0,252000,0,0,11,1,1,2
2192,100,125000,0,0,7,1,1,2
2193,0,226700,0,0,11,1,1,2
2194,0,170000,0,0,9,1,1,2
2195,0,49253,1,0,11,4,4,2
2196,50,105066,1,0,53,12,11,2
2197,100,120000,0,0,9,1,1,2
2198,100,168000,2,0,2,1,1,2
2199,0,150000,-1,0,4,1,1,2
2200,100,100000,1,0,11,1,1,2
2201,100,160000,0,0,15,1,1,2
2202,100,48000,1,0,7,26,23,2
2203,100,231250,-1,0,7,1,1,2
2204,0,170000,0,0,11,1,1,2
2205,100,80000,0,0,11,1,1,2
2206,0,204500,0,0,9,1,1,2
2207,0,120000,0,0,4,1,1,2
2208,0,230000,1,0,34,1,1,2
2209,100,170000,-1,0,2,1,1,2
2210,0,155000,0,0,11,1,1,2
2211,100,132000,0,0,11,1,1,2
2212,0,179000,0,0,11,1,1,2
2213,100,180000,3,0,34,1,1,1
2214,100,170000,0,0,15,1,1,2
2215,0,95000,-1,0,4,1,1,2
2216,0,68293,0,0,74,42,38,-1
2217,0,66837,1,0,2,4,4,2
2218,0,175000,0,0,26,1,1,2
2219,0,123700,0,0,11,1,1,0
2220,100,80000,1,0,21,36,32,1
2221,0,70000,1,0,11,1,1,2
2222,0,247500,0,0,11,1,1,2
2223,0,206699,0,0,11,1,1,2
2224,0,95000,0,0,11,1,1,2
2225,0,64980,0,0,13,1,1,2
2226,100,141525,0,0,2,1,1,2
2227,0,191200,0,0,11,1,1,2
2228,0,120000,0,0,2,1,1,2
2229,0,37824,0,0,2,0,0,2
2230,100,24000,0,0,12,26,23,2
2231,100,153600,0,0,11,1,1,2
2232,100,17022,1,0,2,6,6,0
2233,100,114000,0,0,11,1,1,2
2234,100,160000,0,0,11,1,1,2
2235,100,84053,1,0,11,0,0,2
2236,100,75000,1,0,4,1,1,2
2237,50,61467,1,0,2,3,49,2
2238,100,60000,1,0,45,1,1,2
2239,100,120000,0,0,2,2,2,2
2240,0,122700,0,0,2,1,1,2
2241,100,144000,0,0,26,1,1,0
2242,100,219535,0,0,11,1,1,2
2243,100,144854,0,0,15,1,1,2
2244,0,90000,1,0,4,1,1,2
2245,0,94000,0,0,50,1,1,2
2246,100,120000,0,0,19,1,1,2
2247,0,95000,0,0,4,1,1,2
2248,100,90000,2,0,4,1,1,1
2249,100,30000,2,0,14,5,5,0
2250,0,135000,2,0,11,1,1,2
2251,100,115934,0,0,4,1,1,2
2252,0,52500,1,0,4,1,1,2
2253,0,109400,0,0,11,1,1,2
2254,100,141525,0,0,2,1,1,2
2255,0,160000,0,0,11,1,1,2
2256,100,113900,0,0,15,1,1,2
2257,100,140000,-1,0,2,1,1,2
2258,100,187000,1,0,11,1,1,2
2259,0,129300,0,0,2,1,1,2
2260,0,62000,1,0,4,1,1,0
2261,100,6072,1,0,59,6,6,0
2262,100,23000,1,0,18,6,6,0
2263,100,160000,1,0,2,1,1,0
2264,0,128000,0,0,11,1,1,2
2265,100,182500,0,0,11,1,1,2
2266,0,289076,0,0,1,1,1,2
2267,100,57000,2,0,53,1,1,0
2268,0,20000,1,-1,11,42,1,0
2269,100,107309,0,0,52,12,11,2
2270,0,124500,0,0,11,1,1,2
2271,100,130000,0,0,11,1,1,2
2272,100,185000,0,0,2,1,1,2
2273,0,52533,1,0,85,37,33,2
2274,0,130000,1,0,11,1,1,2
2275,50,50000,2,0,21,19,49,2
2276,0,185900,0,0,2,1,1,2
2277,100,166000,0,0,11,1,1,2
2278,0,146000,1,0,11,1,1,2
2279,100,140000,0,0,4,1,1,2
2280,0,120000,1,0,2,1,1,2
2281,0,140000,0,-1,2,1,1,2
2282,0,75000,0,-1,11,1,1,2
2283,100,19522,2,0,2,26,23,0
2284,50,105236,1,0,28,2,2,0
2285,0,102000,0,0,11,1,1,2
2286,0,300000,0,0,11,1,1,2
2287,0,63000,0,0,85,1,1,2
2288,0,80000,1,0,4,1,1,2
2289,100,191475,0,0,3,1,1,2
2290,100,148500,1,0,1,1,1,0
2291,100,138600,0,-1,2,1,1,2
2292,100,178500,0,0,11,1,1,2
2293,0,146000,0,0,2,1,1,2
2294,0,73546,0,0,11,0,0,2
2295,100,105000,2,0,2,1,1,-1
2296,100,205000,0,0,3,1,1,2
2297,100,130000,0,0,4,2,2,2
2298,100,82500,1,0,2,1,1,1
2299,50,192037,3,0,33,2,2,0
2300,100,230000,0,0,3,1,1,2
2301,100,100000,0,0,4,1,1,2
2302,100,170000,0,0,7,1,1,2
2303,0,203500,0,0,2,1,1,2
2304,0,252000,0,0,11,1,1,2
2305,0,140000,0,0,2,1,1,2
2306,0,106800,0,0,4,1,1,2
2307,0,150000,0,0,18,1,1,-1
2308,0,115000,0,0,11,1,1,2
2309,0,98506,1,0,11,4,4,2
2310,0,200000,-1,0,1,1,1,2
2311,100,237000,0,0,2,1,1,2
2312,0,72946,0,0,27,4,4,-1
2313,100,115934,0,0,4,1,1,2
2314,100,288000,0,0,9,1,1,2
2315,100,110000,0,0,7,1,1,2
2316,0,97218,1,0,9,4,4,2
2317,0,169000,0,0,4,1,1,2
2318,0,260000,1,0,11,1,1,2
2319,100,183500,0,0,2,1,1,2
2320,0,135446,1,0,11,4,4,2
2321,0,94000,0,-1,11,1,1,2
2322,100,50000,-1,0,36,1,1,2
2323,100,110000,0,0,15,1,1,2
2324,100,165000,0,0,7,1,1,2
2325,100,84053,1,0,11,37,33,2
2326,0,123400,0,0,2,1,1,2
2327,100,138750,0,0,11,1,1,-1
2328,0,119000,0,0,11,1,1,2
2329,0,145000,0,0,11,1,1,-1
2330,0,140000,0,0,2,1,1,-1
2331,100,60000,1,0,45,1,1,2
2332,0,140000,0,0,27,1,1,2
2333,100,190000,0,0,4,1,1,2
2334,0,124740,0,0,11,1,1,2
2335,0,105200,0,0,11,1,1,2
2336,100,214618,2,0,17,3,3,0
2337,100,76833,-1,0,50,3,3,1
2338,0,204500,0,0,9,1,1,2
2339,100,188500,0,0,15,1,1,2
2340,0,120000,1,0,11,1,1,2
2341,100,140000,0,0,2,1,1,2
2342,100,120000,1,0,11,1,1,-1
2343,0,70000,0,0,2,1,1,2
2344,0,124740,0,0,11,1,1,2
2345,50,82744,0,0,9,45,57,2
2346,0,191765,0,0,26,1,1,2
2347,0,204500,0,0,9,1,1,2
2348,100,99450,0,0,4,1,1,2
2349,100,90320,0,0,4,1,1,2
2350,0,129300,-1,0,11,1,1,2
2351,0,180000,0,0,18,1,1,2
2352,100,115000,0,0,11,1,1,2
2353,100,175000,0,0,11,1,1,2
2354,0,185900,0,0,2,1,1,2
2355,0,140000,0,0,7,1,1,2
2356,100,170000,0,0,11,1,1,2
2357,0,63900,1,0,11,1,1,2
2358,0,38631,0,0,2,39,35,-1
2359,0,147000,0,0,9,1,1,2
2360,100,144000,0,0,4,1,1,2
2361,0,250000,3,0,33,1,1,0
2362,0,78990,1,0,4,4,4,2
2363,100,140000,0,0,40,1,1,2
2364,100,50000,0,0,2,1,1,2
2365,0,109400,0,0,11,1,1,2
2366,0,245000,0,0,2,1,1,2
2367,0,72914,1,0,4,4,4,2
2368,0,195000,0,0,2,1,1,2
2369,100,190000,0,0,15,1,1,2
2370,50,42923,2,0,38,3,3,2
2371,0,120000,1,0,11,1,1,2
2372,100,85000,1,0,2,1,1,2
2373,0,163800,0,0,9,1,1,2
2374,0,110000,1,0,2,1,1,2
2375,100,160000,1,0,42,1,1,2
2376,0,183000,0,0,2,1,1,-1
2377,0,105000,1,0,11,1,1,2
2378,100,80000,2,0,2,1,1,0
2379,100,90320,-1,0,4,1,1,2
2380,100,150000,1,0,11,1,1,2
2381,0,166700,0,0,4,1,1,2
2382,100,191475,0,0,2,1,1,-1
2383,100,161500,0,0,4,1,1,2
2384,100,60000,1,0,11,24,22,2
2385,100,140000,0,0,11,1,1,2
2386,0,112000,1,0,4,1,1,2
2387,0,205600,0,0,11,1,1,0
2388,100,31520,1,0,25,65,29,1
2389,100,220000,0,0,11,1,1,2
2390,100,150000,0,0,11,1,1,2
2391,0,106020,0,0,4,1,1,2
2392,0,90000,1,0,11,1,1,-1
2393,100,91000,2,0,4,1,1,0
2394,50,5707,2,0,50,6,6,2
2395,100,255000,0,0,9,24,22,2
2396,0,106000,0,0,46,1,1,2
2397,100,165000,0,0,2,1,1,0
2398,100,230000,-1,0,2,1,1,2
2399,0,94000,0,0,4,1,1,2
2400,100,235000,0,0,2,1,1,2
2401,0,129000,0,0,11,1,1,2
2402,100,159000,1,0,26,1,1,2
2403,0,109006,1,0,9,4,4,2
2404,100,185000,0,0,11,1,1,2
2405,100,132000,0,0,2,1,1,2
2406,100,165000,0,0,2,1,1,2
2407,0,299500,0,0,26,1,1,2
2408,100,205000,0,0,11,1,1,2
2409,0,135000,2,0,11,1,1,2
2410,100,137500,0,0,11,1,1,2
2411,50,121093,-1,0,2,10,9,0
2412,100,110925,0,0,4,1,1,2
2413,100,135000,1,0,4,1,1,0
2414,0,245100,0,0,26,1,1,2
2415,100,191475,0,0,2,1,1,2
2416,0,52000,2,0,4,2,2,2
2417,100,275300,0,0,2,1,1,2
2418,100,180000,0,-1,11,1,1,2
2419,0,342810,0,0,12,1,1,2
2420,0,202353,0,-1,9,1,1,2
2421,0,130000,0,0,11,1,1,2
2422,0,245000,0,0,2,1,1,2
2423,100,185000,1,0,18,1,1,2
2424,100,102839,0,0,25,23,21,0
2425,100,120000,1,0,11,1,1,2
2426,0,33511,0,0,11,24,22,1
2427,100,145000,0,0,4,1,1,2
2428,0,130000,0,0,11,1,1,2
2429,0,120000,0,0,2,1,1,2
2430,100,86193,1,0,56,4,4,2
2431,0,200000,0,0,18,1,1,2
2432,100,63000,0,0,11,1,1,2
2433,0,175000,1,0,11,1,1,2
2434,0,129300,0,0,2,1,1,2
2435,0,150000,0,0,2,1,1,2
2436,50,16904,1,0,4,6,6,0
2437,0,180000,1,0,2,1,1,2
2438,0,250000,0,0,18,1,1,2
2439,0,47280,0,0,2,0,0,2
2440,0,150000,0,0,9,1,1,2
2441,100,161000,1,0,11,1,1,2
2442,100,114047,0,0,29,29,4,1
2443,0,65000,2,0,11,1,1,2
2444,100,210000,0,0,9,1,1,2
2445,100,160000,0,0,11,1,1,2
2446,0,56723,0,0,39,6,6,0
2447,0,138900,0,0,4,1,1,2
2448,0,160000,0,0,1,1,1,2
2449,100,73546,1,0,11,0,0,2
2450,100,160000,0,0,4,1,1,2
2451,100,190200,0,0,26,1,1,2
2452,100,159000,3,0,2,1,1,2
2453,100,48000,0,0,7,33,1,1
2454,100,240000,0,0,9,1,1,2
2455,100,175000,0,0,11,1,1,2
2456,100,95000,0,0,4,1,1,2
2457,100,60000,1,1,67,6,1,1
2458,100,165750,0,0,34,1,1,2
2459,0,169000,0,0,4,1,1,2
2460,100,163625,0,0,11,1,1,2
2461,0,70000,1,0,11,1,1,2
2462,0,162000,0,0,2,1,1,2
2463,100,17805,-1,0,20,6,6,2
2464,0,167100,0,0,9,1,1,2
2465,0,70186,1,0,50,4,4,2
2466,0,100000,1,0,4,1,1,2
2467,0,155000,0,0,2,1,1,2
2468,0,127599,1,0,11,4,4,2
2469,0,120000,0,0,2,1,1,2
2470,100,216000,0,0,11,1,1,2
2471,0,150000,1,0,2,1,1,2
2472,100,65000,0,-1,11,1,1,2
2473,100,78000,1,0,11,26,23,2
2474,0,70000,0,0,2,1,1,2
2475,0,171250,0,0,2,16,14,2
2476,100,75000,2,0,4,1,1,2
2477,100,200000,0,0,90,1,1,2
2478,100,186000,0,0,52,1,1,2
2479,100,300000,0,0,26,1,1,2
2480,100,51000,0,0,2,1,1,2
2481,100,115934,0,0,4,1,1,2
2482,0,95000,1,0,20,1,1,2
2483,100,198200,0,0,2,1,1,2
2484,50,62726,1,0,2,12,61,1
2485,100,270000,1,1,1,1,1,0
2486,100,20670,1,0,21,6,6,0
2487,0,132000,0,0,11,2,2,2
2488,100,115934,0,0,4,1,1,2
2489,0,54685,1,0,4,4,4,2
2490,100,185000,0,0,1,1,1,2
2491,100,63192,1,0,11,4,4,2
2492,0,70000,0,0,4,1,1,2
2493,100,225000,2,0,34,1,1,0
2494,0,75020,1,0,17,14,12,2
2495,0,119300,0,0,2,1,1,0
2496,100,56000,1,0,87,8,1,2
2497,100,84000,1,0,2,26,23,2
2498,100,78990,1,0,4,4,4,2
2499,0,133800,0,0,11,1,1,2
2500,0,175000,1,0,11,1,1,2
2501,0,252000,-1,0,11,1,1,2
2502,100,110000,1,-1,9,1,1,0
2503,0,68000,1,-1,31,1,1,0
2504,0,106500,1,0,15,1,1,2
2505,100,141525,0,0,2,1,1,2
2506,100,165000,0,0,30,1,1,0
2507,100,81000,-1,0,78,1,1,2
2508,50,63831,0,0,4,3,3,0
2509,0,204100,0,0,2,1,1,2
2510,100,155000,0,0,2,1,1,2
2511,100,210000,0,0,2,1,1,2
2512,0,250000,0,0,15,1,1,2
2513,100,120160,0,0,2,1,1,2
2514,100,106260,0,0,4,1,1,2
2515,0,150000,2,0,4,1,1,2
2516,0,105000,0,0,11,1,1,2
2517,0,120000,0,0,2,1,1,2
2518,100,170000,0,0,2,1,1,2
2519,50,89294,1,0,77,21,18,0
2520,100,55000,0,0,2,1,1,1
2521,0,153600,0,0,11,1,1,2
2522,0,135000,0,0,11,1,1,2
2523,100,156868,0,0,39,1,1,0
2524,0,43096,1,0,4,4,4,2
2525,0,134000,0,0,11,1,1,2
2526,100,210000,0,0,15,1,1,2
2527,0,130000,0,0,9,1,1,2
2528,0,72914,1,0,66,4,4,0
2529,0,265000,0,0,11,1,1,2
2530,100,54094,0,0,2,6,6,0
2531,0,47280,0,0,2,0,0,2
2532,0,90700,0,0,2,1,1,2
2533,100,116100,0,0,9,2,2,2
2534,100,221000,3,0,7,1,1,2
2535,0,210000,-1,0,12,1,1,2
2536,100,172500,0,0,2,1,1,2
2537,100,141525,0,0,2,1,1,2
2538,100,13400,-1,0,2,15,13,0
2539,0,163800,0,0,11,1,1,2
2540,0,235000,3,0,11,1,1,2
2541,0,165750,0,0,18,1,1,2
2542,100,135000,0,0,11,1,1,2
2543,50,22892,2,0,2,6,6,2
2544,100,140000,1,0,11,1,1,2
2545,0,154600,-1,0,11,1,1,0
2546,100,16414,1,0,59,6,6,0
2547,0,135000,0,0,2,1,1,2
2548,0,129300,0,0,11,1,1,2
2549,100,113900,0,-1,15,1,1,2
2550,0,94500,-1,0,50,1,1,-1
2551,0,222200,0,0,3,1,1,0
2552,100,153600,0,0,11,1,1,2
2553,0,65000,2,0,11,1,1,2
2554,100,259000,0,0,11,1,1,2
2555,100,175950,0,0,4,1,1,2
2556,100,158000,0,0,9,2,2,2
2557,0,150000,0,0,6,1,1,2
2558,100,200000,0,0,15,1,1,2
2559,0,145000,0,0,11,1,1,2
2560,100,75000,0,0,11,1,1,2
2561,0,185900,0,0,2,1,1,2
2562,100,120600,0,0,4,1,1,2
2563,100,275000,0,0,11,1,1,2
2564,0,128000,0,0,11,1,1,2
2565,100,107900,0,0,11,1,1,2
2566,0,141300,0,0,11,1,1,2
2567,100,191475,0,0,2,1,1,2
2568,100,136000,0,0,2,1,1,2
2569,100,310000,3,0,11,1,1,2
2570,0,289800,-1,0,7,1,1,2
2571,0,100000,2,0,46,1,1,-1
2572,50,50000,0,2,43,5,19,2
2573,0,197000,0,0,46,1,1,2
2574,100,73880,1,-1,11,4,4,2
2575,0,125000,0,0,4,1,1,2
2576,0,200160,0,0,2,1,1,2
2577,0,136000,0,0,3,1,1,0
2578,100,116150,0,0,4,1,1,2
2579,100,235000,3,0,25,1,1,0
2580,0,140000,0,0,2,1,1,2
2581,50,24740,1,0,2,27,26,0
2582,0,120000,0,0,11,1,1,2
2583,0,223800,0,0,2,1,1,2
2584,0,78000,0,0,11,1,1,2
2585,0,73880,1,0,11,4,4,2
2586,100,131300,0,0,15,1,1,0
2587,100,150000,0,0,9,1,1,2
2588,100,198200,0,0,2,1,1,2
2589,50,50000,0,2,28,15,13,1
2590,100,28476,1,0,11,29,40,0
2591,0,150000,2,0,18,1,1,2
2592,100,120000,0,0,2,1,1,1
2593,0,250000,0,0,18,1,1,2
2594,100,80000,1,0,11,1,1,2
2595,100,135000,0,0,11,1,1,2
2596,0,160000,2,0,11,1,1,2
2597,0,201000,0,0,9,1,1,2
2598,100,130000,1,0,11,1,1,2
2599,100,148000,0,0,2,1,1,2
2600,0,80000,2,0,2,1,1,2
2601,0,310000,0,0,11,1,1,2
2602,0,139860,0,0,11,1,1,2
2603,0,105380,1,0,4,1,1,2
2604,100,191475,0,0,2,1,1,2
2605,100,25532,1,0,2,73,3,1
2606,100,86466,0,0,4,1,1,2
2607,100,150000,1,0,4,1,1,2
2608,0,180180,0,0,4,1,1,2
2609,100,36000,1,0,9,24,22,1
2610,0,160000,1,0,1,1,1,2
2611,0,129300,0,0,11,1,1,2
2612,100,138750,0,0,7,1,1,-1
2613,0,85000,1,0,4,2,2,2
2614,100,145000,0,0,2,1,1,2
2615,100,85000,0,0,4,1,1,2
2616,0,126000,0,0,11,1,1,2
2617,0,120000,0,0,2,1,1,2
2618,0,300000,0,0,11,1,1,2
2619,100,81666,0,0,4,1,1,2
2620,0,214000,0,0,7,1,1,2
2621,100,170000,0,0,4,1,1,2
2622,0,130000,-1,0,7,1,1,2
2623,0,102100,1,0,2,1,1,2
2624,0,129300,0,0,8,1,1,2
2625,100,275300,0,0,7,1,1,2
2626,100,150000,0,0,11,1,1,2
2627,100,191475,0,0,2,1,1,2
