,y,col_0_numerical,col_1_numerical,col_3_numerical,col_5_numerical,col_6_numerical
0,237000,0,0,1,1,2
1,86193,1,0,4,4,2
2,169200,0,0,0,0,2
3,58000,2,0,1,1,2
4,235000,0,0,1,1,2
5,170000,0,0,1,1,2
6,183600,0,0,1,1,0
7,100000,0,0,1,1,2
8,175000,0,0,1,1,2
9,136000,0,0,1,1,2
10,55685,1,0,8,24,0
11,175000,0,0,1,1,2
12,120000,1,0,1,1,2
13,150000,1,0,1,1,2
14,152000,0,0,1,1,2
15,72000,1,0,1,1,2
16,140000,0,0,1,1,2
17,130000,1,0,1,1,0
18,248400,0,0,2,2,2
19,212200,0,0,1,1,2
20,127467,-1,0,4,4,2
21,129000,2,0,1,1,0
22,201000,0,0,1,1,2
23,100000,2,0,1,1,0
24,40000,2,0,41,19,2
25,270703,0,0,1,1,2
26,139000,0,0,1,1,2
27,180000,1,0,1,1,0
28,62649,1,0,12,11,2
29,189650,0,0,1,1,2
30,40570,0,-1,6,6,0
31,12103,1,0,53,52,2
32,9727,2,0,6,6,0
33,105000,1,0,1,1,2
34,187000,0,0,1,1,2
35,128000,0,0,1,1,2
36,17684,2,0,48,48,2
37,170000,0,0,1,1,0
38,20000,1,0,66,63,1
39,150000,-1,0,1,1,2
40,140000,0,0,1,1,-1
41,139500,0,0,1,1,2
42,145000,0,0,1,1,2
43,200100,0,0,1,1,-1
44,104000,0,0,1,1,2
45,29751,2,0,6,6,0
46,100000,2,0,1,1,1
47,102663,0,0,4,4,2
48,210000,0,0,1,1,2
49,120000,0,0,1,1,2
50,168400,0,-1,1,1,2
51,280700,-1,0,1,1,2
52,100000,1,0,1,1,0
53,191475,0,0,1,1,2
54,60000,1,0,0,36,2
55,260000,0,0,1,1,0
56,150000,0,0,1,1,-1
57,204500,0,0,1,1,2
58,236000,3,0,1,1,-1
59,60000,1,0,1,1,2
60,211500,0,0,1,1,-1
61,78000,1,0,26,23,2
62,165000,0,0,1,1,2
63,7799,2,0,26,23,0
64,50432,0,0,0,0,2
65,153667,3,0,42,40,0
66,323300,0,0,1,1,-1
67,110820,1,0,4,4,2
68,139000,0,0,1,1,2
69,36773,0,0,0,0,2
70,210914,3,0,1,1,2
71,155000,2,0,1,1,2
72,195400,0,0,1,1,0
73,111775,1,0,1,1,2
74,148800,0,0,1,1,2
75,52533,1,0,12,11,2
76,225000,0,0,1,1,2
77,153000,-1,0,1,1,2
78,75000,0,0,1,1,2
79,9272,2,0,36,32,1
80,150000,0,0,1,1,2
81,60000,0,2,68,1,1
82,159100,0,0,1,1,0
83,156400,0,0,1,1,2
84,135000,0,-1,1,1,2
85,115000,0,0,1,1,2
86,190000,0,0,1,1,2
87,180000,1,0,1,1,2
88,96100,0,0,1,1,2
89,191475,0,0,1,1,2
90,130000,0,0,1,1,2
91,145000,0,0,1,1,2
92,75000,2,0,1,1,2
93,172000,0,0,1,1,2
94,170000,0,0,1,1,2
95,110600,0,0,1,1,2
96,285800,0,0,1,1,2
97,195652,0,0,4,4,2
98,21669,2,3,42,38,1
99,191200,0,0,1,1,2
100,109400,0,0,1,1,2
101,130000,0,0,1,1,2
102,180000,0,0,1,1,2
103,201450,0,0,1,1,2
104,228000,-1,0,1,1,2
105,144000,0,0,1,1,2
106,150000,2,0,1,1,2
107,240500,0,0,1,1,0
108,145000,0,0,1,1,2
109,156600,0,0,1,1,2
110,59020,1,0,0,0,2
111,176000,0,0,1,1,2
112,147100,0,0,1,1,2
113,150000,1,0,1,1,2
114,160000,0,0,1,1,2
115,276000,0,0,1,1,2
116,115000,0,0,1,1,2
117,95000,0,0,1,1,2
118,275000,0,0,1,1,2
119,49253,2,0,4,4,2
120,105200,0,0,1,1,2
121,141525,0,0,1,1,2
122,70000,0,0,1,1,2
123,155850,0,0,1,1,2
124,8000,0,0,6,18,0
125,120000,0,0,1,1,2
126,114500,0,0,1,1,2
127,170000,0,0,1,1,2
128,180000,0,0,1,1,2
129,40038,-1,0,54,69,0
130,85066,1,0,4,4,2
131,200000,3,0,1,1,2
132,177000,-1,0,1,1,2
133,78000,0,0,1,1,2
134,200000,0,0,1,1,2
135,51039,1,0,4,4,2
136,280000,0,0,1,1,2
137,200000,3,0,1,1,2
138,170000,0,0,1,1,2
139,85000,-1,0,1,1,2
140,200000,0,0,1,1,2
141,161311,0,0,2,2,2
142,48609,1,0,4,4,2
143,185000,0,0,1,1,2
144,120000,0,0,1,1,2
145,160000,1,0,1,1,2
146,210000,0,0,1,1,2
147,247500,0,0,1,1,2
148,250000,2,0,1,1,0
149,15806,0,0,6,6,1
150,132100,0,0,1,1,0
151,89306,1,0,9,8,2
152,150000,0,0,1,1,2
153,14307,1,0,6,6,0
154,186000,0,0,1,1,2
155,79833,3,0,0,0,0
156,225000,0,0,1,1,2
157,95000,0,0,1,1,2
158,55000,0,0,1,1,2
159,85000,-1,0,1,1,2
160,180000,0,0,1,1,0
161,110000,0,0,1,1,2
162,153600,0,0,1,1,2
163,190000,0,0,1,1,2
164,175000,0,0,1,1,2
165,75000,1,0,1,1,2
166,128058,1,0,4,4,0
167,168000,0,0,2,2,2
168,88256,0,0,0,4,0
169,124000,1,0,1,1,-1
170,125000,-1,0,1,1,2
171,15000,3,0,5,2,2
172,175000,0,0,1,1,2
173,135000,0,0,55,53,2
174,213580,0,-1,1,1,2
175,193900,0,0,1,1,-1
176,105500,1,0,1,1,2
177,110000,0,0,1,1,2
178,122600,0,0,1,1,2
179,160000,2,0,1,1,2
180,151902,0,0,4,4,0
181,275300,0,0,1,1,2
182,175000,3,0,1,1,2
183,139500,0,0,1,1,2
184,106000,0,0,1,1,2
185,185000,0,0,4,4,2
186,60795,1,0,6,6,0
187,182750,0,0,1,1,-1
188,90734,-1,0,3,3,0
189,83000,2,0,1,1,0
190,120000,0,0,1,1,2
191,34672,2,0,42,3,1
192,126000,0,0,1,1,2
193,150000,3,0,1,1,2
194,128000,0,0,1,1,2
195,115000,0,0,1,1,2
196,153000,0,0,1,1,2
197,157000,1,0,1,1,0
198,165220,0,0,1,1,2
199,150000,1,0,1,1,2
200,210000,0,0,1,1,2
201,122500,0,0,1,1,2
202,192500,0,0,1,1,2
203,141525,0,0,1,1,2
204,46000,2,-1,1,1,0
205,113000,0,0,1,1,2
206,86000,0,0,1,1,2
207,163800,0,0,1,1,2
208,220000,0,0,1,1,2
209,70000,2,0,1,1,2
210,105000,1,0,1,1,0
211,152000,0,0,1,1,2
212,120000,0,0,1,1,2
213,206000,1,0,1,1,-1
214,90000,1,0,1,1,2
215,200000,1,-1,1,1,1
216,180000,0,0,1,1,2
217,103691,0,0,2,2,0
218,80000,0,0,1,1,-1
219,192600,0,0,1,1,2
220,142200,0,0,1,1,2
221,180000,0,0,1,1,2
222,73880,0,0,4,4,2
223,6359,2,0,12,6,0
224,120000,0,0,1,1,2
225,90734,1,0,3,3,0
226,36773,0,-1,0,0,2
227,78990,1,0,4,4,2
228,18907,0,0,26,23,2
229,154000,0,0,1,1,2
230,200000,0,0,1,1,2
231,100000,1,0,1,1,2
232,24165,2,0,42,38,2
233,85000,2,0,1,1,2
234,36773,0,0,0,0,2
235,100000,1,0,1,1,2
236,142200,0,0,1,1,2
237,150000,1,0,1,1,2
238,93918,1,0,1,1,2
239,75000,0,0,1,1,2
240,188800,0,0,1,1,2
241,95000,1,0,1,1,2
242,170000,0,0,1,1,2
243,200000,0,0,1,1,2
244,18000,1,0,75,70,1
245,81500,0,0,1,1,2
246,213660,2,0,1,1,0
247,100000,0,0,1,1,2
248,169000,0,0,1,1,2
249,200000,0,0,1,1,2
250,131300,0,0,1,1,0
251,240000,0,0,1,1,0
252,90000,0,0,1,1,2
253,185000,0,0,1,1,2
254,85000,2,0,1,1,2
255,250000,1,0,1,1,2
256,220000,0,0,1,1,2
257,225000,0,0,1,1,2
258,120000,2,0,1,1,-1
259,141600,-1,0,1,1,2
260,122000,0,0,1,1,2
261,191200,0,0,1,1,2
262,225000,0,0,1,1,2
263,127000,0,0,1,1,2
264,104611,0,0,4,4,2
265,174000,0,0,1,1,0
266,50000,1,0,5,5,0
267,140000,0,0,1,1,2
268,101570,0,0,1,1,2
269,66000,0,0,1,1,2
270,180000,0,0,1,1,-1
271,104500,1,0,1,1,2
272,65488,0,0,1,1,2
273,110600,0,0,1,1,2
274,129300,0,0,1,1,2
275,180000,0,0,1,1,2
276,141300,0,0,1,1,2
277,90000,1,0,1,1,2
278,66970,2,0,21,18,0
279,225000,0,0,1,1,-1
280,134760,0,0,1,1,2
281,148750,0,0,1,1,2
282,209100,0,0,1,1,-1
283,106500,0,0,1,1,2
284,144000,0,0,1,1,0
285,45390,2,0,4,4,0
286,148700,0,0,1,1,0
287,61896,0,0,4,4,0
288,84053,1,0,12,3,2
289,155000,0,0,1,1,2
290,61566,0,0,4,4,2
291,180000,0,0,1,1,2
292,185900,0,0,1,1,2
293,210000,0,0,1,1,-1
294,100000,0,0,1,1,2
295,110000,0,0,1,1,2
296,179820,0,0,1,1,2
297,152000,0,0,1,1,2
298,170000,0,0,1,1,2
299,136000,0,0,1,1,0
300,20984,1,0,6,6,0
301,175100,3,0,1,1,2
302,120000,0,0,1,1,2
303,102500,-1,0,1,1,2
304,185900,0,0,1,1,2
305,156400,0,0,1,1,2
306,92350,0,0,4,4,2
307,130000,0,0,1,1,2
308,64090,-1,0,3,3,2
309,6270,2,0,26,23,0
310,204500,0,0,1,1,2
311,190000,0,0,1,1,2
312,288000,0,0,1,1,2
313,81666,0,0,1,1,2
314,169000,0,0,1,1,2
315,160288,3,0,4,4,2
316,200000,-1,0,1,1,2
317,160000,0,0,1,1,2
318,115000,0,0,1,1,1
319,85000,0,0,1,1,2
320,90000,0,0,24,22,-1
321,72212,1,0,4,4,0
322,135000,0,0,1,1,2
323,100000,2,0,1,1,2
324,183500,0,0,1,1,-1
325,85500,0,0,1,1,-1
326,154000,1,0,1,1,2
327,108000,0,0,1,1,0
328,167500,1,0,1,1,2
329,210000,3,0,1,1,2
330,48289,0,0,0,0,2
331,237000,0,0,1,1,2
332,130000,0,0,1,1,2
333,129300,0,0,1,1,2
334,105400,0,0,1,1,2
335,130240,0,0,1,1,2
336,33808,1,0,6,6,2
337,98506,1,0,4,4,2
338,95000,1,0,1,1,2
339,119000,0,0,1,1,-1
340,85847,0,0,0,0,0
341,179400,0,0,1,1,2
342,90000,0,-1,1,1,2
343,149600,1,0,1,1,2
344,121700,0,0,1,1,2
345,133832,0,0,1,1,2
346,38631,0,0,0,0,2
347,136100,0,0,1,1,2
348,260000,1,0,1,1,2
349,119000,0,0,1,1,2
350,182160,3,0,1,1,2
351,200000,0,0,1,1,2
352,275300,0,0,1,1,2
353,112000,1,0,1,1,0
354,230000,-1,0,1,1,2
355,204500,0,0,1,1,2
356,136000,0,0,1,1,0
357,90000,0,0,1,1,0
358,129300,0,0,1,1,2
359,132320,0,0,1,1,2
360,137500,0,0,1,1,2
361,120000,1,0,1,1,2
362,126500,0,0,1,1,2
363,22611,1,0,6,6,0
364,228000,0,0,1,1,2
365,80000,-1,0,1,1,2
366,195000,0,0,1,1,2
367,130000,0,0,2,2,2
368,416000,3,1,1,1,1
369,90000,1,0,1,1,2
370,136000,-1,0,1,1,2
371,120000,2,-1,4,4,-1
372,81666,0,0,1,1,2
373,146000,0,0,1,1,2
374,144000,0,0,1,1,2
375,50000,2,0,1,45,1
376,146000,1,0,1,1,2
377,76833,0,0,40,4,1
378,153600,0,0,1,1,2
379,150000,1,-1,1,1,2
380,80481,1,0,16,14,2
381,160000,0,0,1,1,2
382,205000,0,0,1,1,2
383,9289,1,0,26,23,2
384,145000,3,0,1,1,2
385,225000,0,-1,1,1,2
386,175000,0,0,1,1,2
387,80000,1,0,1,1,2
388,160000,0,0,55,1,1
389,90000,1,0,1,1,2
390,167000,0,0,1,1,2
391,164000,0,0,1,1,2
392,92350,1,0,4,4,2
393,205920,0,0,1,1,2
394,324000,3,0,1,1,2
395,73546,1,0,0,0,2
396,81000,2,0,1,1,1
397,102100,0,0,1,1,2
398,249500,0,0,1,1,2
399,150000,0,0,1,1,2
400,202000,0,0,1,1,2
401,222200,0,0,1,1,0
402,120000,0,0,1,1,2
403,208450,0,0,1,1,2
404,82000,2,0,1,1,0
405,191475,0,0,1,1,2
406,102640,1,0,1,1,2
407,136000,0,0,1,1,0
408,155000,1,0,1,1,2
409,100000,0,0,1,1,2
410,139500,0,0,1,1,2
411,120000,1,0,1,1,2
412,120000,0,0,1,1,0
413,183310,1,0,1,1,2
414,40481,1,0,6,6,0
415,140000,0,0,1,1,0
416,165000,1,0,1,1,2
417,126000,0,0,1,1,2
418,138750,0,0,1,1,2
419,128875,0,0,1,1,2
420,129300,0,0,1,1,2
421,150000,1,0,1,1,2
422,225000,0,0,1,1,2
423,130000,1,0,1,1,2
424,51753,2,0,2,2,0
425,109024,-1,0,4,4,2
426,174500,0,0,1,1,2
427,104000,0,0,1,1,2
428,106500,1,0,1,1,2
429,207000,0,0,1,1,2
430,236900,0,0,1,1,0
431,175100,0,0,1,1,2
432,139000,0,0,1,1,2
433,141525,0,0,1,1,2
434,175000,3,0,1,1,2
435,33000,2,0,42,3,1
436,269000,0,0,2,2,2
437,190000,0,-1,1,1,2
438,190000,0,0,1,1,2
439,143865,1,0,1,1,2
440,72000,1,0,24,22,2
441,141525,0,0,1,1,2
442,100000,-1,0,1,1,2
443,65666,1,0,3,3,1
444,129000,0,0,1,1,2
445,128750,1,0,1,1,2
446,116000,0,0,1,1,2
447,125000,2,0,1,1,2
448,183000,0,0,1,1,0
449,172309,0,0,16,14,0
450,130026,3,0,3,3,2
451,125000,1,0,1,1,2
452,115000,0,0,1,1,2
453,178800,0,0,1,1,0
454,200000,3,0,1,1,2
455,129300,0,0,1,1,2
456,84053,1,0,3,3,1
457,145000,0,0,2,2,2
458,216000,0,0,1,1,2
459,124234,2,0,1,1,2
460,151410,1,-1,1,1,2
461,142200,0,0,1,1,2
462,190000,0,0,2,2,-1
463,130000,0,-1,1,1,2
464,169000,-1,0,1,1,2
465,215000,0,0,1,1,0
466,423000,1,-1,1,1,0
467,63040,-1,-1,0,0,2
468,200000,3,0,1,1,2
469,195700,0,0,1,1,2
470,123405,0,0,3,3,0
471,260000,0,0,1,1,0
472,210000,0,0,1,1,2
473,100000,1,0,1,1,2
474,75000,2,0,1,1,2
475,169000,0,0,1,1,2
476,160000,0,0,1,1,2
477,252000,0,0,1,1,2
478,77262,0,0,39,35,2
479,204500,0,0,1,1,2
480,235000,0,0,1,1,2
481,98000,1,0,1,1,2
482,140000,0,0,1,1,2
483,194500,3,0,1,1,2
484,142200,0,0,1,1,2
485,170000,0,0,1,1,2
486,112872,1,0,4,4,0
487,160000,2,0,1,1,2
488,184000,0,-1,1,1,2
489,78000,1,0,1,1,2
490,172200,0,0,1,1,2
491,40777,0,0,0,0,2
492,231250,0,0,1,1,2
493,85000,2,0,1,1,2
494,100000,1,0,1,1,2
495,185900,0,0,1,1,2
496,198800,0,0,1,1,2
497,52500,1,0,1,1,2
498,245100,-1,0,1,1,2
499,219000,1,0,1,1,0
500,45760,1,0,58,1,1
501,37824,0,0,0,0,2
502,165000,0,0,1,1,2
503,80000,0,0,71,1,-1
504,145885,2,0,1,1,2
505,85000,1,0,1,1,2
506,50180,1,0,8,24,2
507,168400,0,0,1,1,2
508,55000,2,0,1,1,1
509,149040,-1,0,1,1,2
510,235000,0,0,1,1,0
511,110000,0,0,1,1,2
512,115000,0,-1,1,1,2
513,225900,0,0,1,1,2
514,110037,2,0,4,4,0
515,42533,-1,0,4,4,2
516,110600,0,0,1,1,2
517,155000,0,0,1,1,-1
518,160000,0,0,1,1,2
519,160000,0,0,1,1,2
520,109280,0,0,1,1,2
521,150000,0,0,1,1,2
522,80000,1,0,1,1,0
523,105000,0,0,1,1,2
524,176000,0,0,2,2,2
525,160000,0,0,1,1,2
526,228000,0,0,1,1,2
527,170000,1,0,1,1,2
528,100000,-1,0,1,1,2
529,100000,0,0,1,1,2
530,185900,0,0,1,1,2
531,200160,0,0,1,1,2
532,63312,0,0,32,29,0
533,160000,0,0,1,1,2
534,250000,0,0,1,1,2
535,80000,0,0,1,1,0
536,173762,0,0,3,3,2
537,126000,0,0,1,1,2
538,172800,0,0,1,1,2
539,125000,-1,0,1,1,2
540,153400,0,-1,1,1,2
541,63000,0,-1,1,1,2
542,85500,0,0,1,1,2
543,247500,0,0,1,1,2
544,87000,1,-1,1,1,2
545,180180,0,0,1,1,2
546,100000,2,0,1,1,2
547,225000,0,0,1,1,2
548,155000,3,0,1,1,2
549,170000,0,0,1,1,2
550,183500,0,0,1,1,2
551,139500,0,0,1,1,2
552,68293,0,0,0,0,2
553,47280,1,0,0,0,2
554,140000,0,0,1,1,2
555,135000,1,0,1,1,2
556,144100,1,0,1,1,2
557,63000,0,0,1,1,2
558,129300,0,0,1,1,2
559,75000,1,0,2,2,2
560,180000,0,0,1,1,2
561,122000,0,0,1,1,2
562,165000,-1,0,1,1,2
563,140000,0,0,1,1,2
564,100000,2,0,72,67,0
565,120250,0,0,1,1,2
566,216000,0,0,1,1,2
567,67597,1,0,2,2,2
568,149040,-1,0,1,1,2
569,60000,0,0,15,13,2
570,135000,0,0,1,1,2
571,185000,0,0,1,1,2
572,70186,0,0,4,4,2
573,13989,1,0,6,6,0
574,150000,0,0,1,1,2
575,120000,1,0,1,1,2
576,110000,1,0,1,1,2
577,83171,1,0,13,19,0
578,284310,0,0,1,1,2
579,145000,0,0,1,1,2
580,150000,1,0,1,1,2
581,37824,0,0,0,0,2
582,185900,0,0,1,1,2
583,226700,0,0,1,1,2
584,115092,1,0,1,1,2
585,260000,0,0,1,1,2
586,143200,-1,0,1,1,2
587,133766,0,0,13,19,0
588,260500,3,0,1,1,2
589,143100,0,0,2,2,2
590,115000,0,0,1,1,2
591,175000,0,0,1,1,2
592,97218,1,0,4,4,2
593,81500,0,0,1,1,2
594,80000,2,0,1,1,0
595,130000,0,0,1,1,2
596,93800,0,0,1,1,2
597,184000,0,0,1,1,2
598,51039,1,0,4,4,2
599,188000,0,0,1,1,0
600,145000,0,0,1,1,2
601,165000,0,0,1,1,2
602,195895,1,0,4,4,2
603,252000,0,0,1,1,2
604,172200,0,0,1,1,-1
605,68400,0,0,1,1,2
606,75116,0,-1,8,24,0
607,92000,0,0,1,1,0
608,185900,0,0,1,1,2
609,150000,0,0,1,1,0
610,69751,1,0,6,3,1
611,250000,0,0,1,1,2
612,90000,1,0,1,1,2
613,144000,0,0,1,1,2
614,240500,0,0,1,1,2
615,110000,0,0,1,1,-1
616,208000,0,0,1,1,2
617,130000,0,0,1,1,2
618,202800,0,-1,1,1,0
619,200000,0,0,1,1,2
620,185900,0,0,1,1,2
621,191475,-1,0,1,1,2
622,38400,1,0,31,1,2
623,198200,0,-1,1,1,2
624,36773,0,0,0,0,2
625,150000,0,0,1,1,2
626,148000,0,0,1,1,2
627,196200,3,0,1,1,2
628,40000,1,0,12,11,0
629,200000,0,0,1,1,2
630,198200,0,0,1,1,2
631,55800,0,0,0,0,2
632,175000,0,0,1,1,2
633,145000,0,0,1,1,2
634,12000,2,0,31,28,0
635,275300,0,0,1,1,2
636,309400,-1,0,1,1,0
637,75116,0,0,12,11,2
638,250000,0,0,1,1,2
639,69999,1,0,51,51,0
640,175000,0,0,1,1,2
641,160000,0,0,1,1,2
642,84000,0,0,1,1,2
643,66837,1,0,4,4,2
644,130000,1,0,1,1,2
645,140000,0,0,1,1,2
646,180000,0,0,1,1,-1
647,160000,0,0,1,1,2
648,130000,1,0,1,1,2
649,109000,1,0,1,1,0
650,175000,0,0,1,1,2
651,80000,-1,0,1,1,2
652,205000,0,0,1,1,2
653,350000,-1,0,1,1,0
654,67723,1,0,4,4,2
655,135000,0,0,1,1,2
656,130000,0,0,1,1,2
657,250000,0,0,1,1,2
658,163800,0,0,1,1,2
659,136000,0,0,1,1,0
660,172200,0,0,1,1,2
661,100000,1,0,2,2,2
662,172200,-1,0,1,1,2
663,175000,0,0,1,1,2
664,93800,0,0,1,1,2
665,250000,0,0,1,1,2
666,129300,-1,0,1,1,2
667,136620,0,0,1,1,2
668,49268,2,0,3,3,1
669,99000,0,0,1,1,2
670,115500,3,0,1,1,2
671,310000,3,0,1,1,2
672,126500,1,0,1,1,-1
673,30000,1,0,24,22,0
674,100000,-1,0,1,1,2
675,59102,2,0,76,61,0
676,106000,0,0,1,1,2
677,186000,0,0,1,1,2
678,150000,0,0,1,1,2
679,113000,1,0,1,1,0
680,297300,0,0,1,1,2
681,90000,1,0,1,1,2
682,135000,0,0,1,1,2
683,17509,1,0,6,18,2
684,150000,0,0,1,1,2
685,120000,0,0,1,1,2
686,105000,0,0,1,1,2
687,155000,0,0,1,1,2
688,250000,0,0,1,1,2
689,113750,0,0,1,1,2
690,42026,1,-1,0,0,2
691,153600,0,0,1,1,2
692,145900,0,0,1,1,2
693,163800,0,0,1,1,2
694,100000,2,0,5,5,0
695,160000,0,0,1,1,2
696,135000,0,0,1,1,2
697,89306,-1,0,12,11,0
698,80000,2,0,1,1,0
699,60761,1,0,4,4,2
700,240000,0,0,1,1,2
701,161800,0,0,1,1,2
702,120000,1,0,1,1,2
703,55000,2,0,1,1,2
704,60000,1,0,1,1,2
705,26005,1,0,40,1,0
706,175100,0,0,1,1,2
707,21844,2,0,20,17,2
708,258000,0,0,2,2,2
709,90000,1,0,1,1,0
710,175000,0,0,1,1,2
711,169200,0,0,0,0,2
712,100000,0,0,1,1,2
713,210000,0,0,1,1,2
714,152000,0,0,1,1,2
715,36773,0,0,8,24,2
716,120000,1,0,1,1,2
717,115440,0,0,1,1,2
718,191475,0,0,1,1,2
719,130000,1,0,1,1,2
720,110600,0,0,1,1,2
721,75000,0,0,1,1,2
722,79000,1,0,1,1,2
723,50432,0,0,0,0,2
724,142200,0,0,1,1,2
725,177000,0,0,1,1,0
726,100000,-1,0,1,1,2
727,252000,0,0,1,1,2
728,180000,0,0,1,1,2
729,160080,0,0,1,1,2
730,38000,0,0,1,1,2
731,150000,1,0,1,1,-1
732,110500,0,0,1,1,2
733,168000,0,0,1,1,2
734,90000,0,0,1,1,2
735,169000,0,0,1,1,2
736,139500,0,0,1,1,2
737,160000,2,0,1,1,2
738,235000,0,-1,1,1,2
739,175000,0,0,1,1,2
740,236000,0,0,1,1,2
741,129300,0,0,1,1,2
742,62000,-1,0,1,1,2
743,230000,0,0,1,1,2
744,135000,2,0,1,1,2
745,20171,0,0,53,52,0
746,66531,1,0,0,0,2
747,81500,0,0,1,1,2
748,135000,0,0,1,1,2
749,318300,0,0,1,1,2
750,129300,0,0,1,1,2
751,147800,0,0,1,1,2
752,196000,0,0,1,1,2
753,167500,-1,0,1,1,2
754,234100,0,0,1,1,2
755,152500,0,0,1,1,2
756,145000,0,0,1,1,2
757,135000,0,0,2,2,2
758,150000,1,0,1,1,2
759,206000,1,0,1,1,2
760,80000,2,0,22,20,2
761,45555,1,2,46,47,2
762,252000,0,0,1,1,2
763,185900,0,0,1,1,2
764,120000,1,0,1,1,2
765,185000,0,0,1,1,0
766,121600,0,0,1,1,2
767,150000,1,0,1,1,2
768,250000,0,0,1,1,0
769,183000,0,0,1,1,2
770,38631,0,0,0,0,2
771,65257,1,0,21,18,2
772,115000,0,0,1,1,2
773,133300,0,0,1,1,2
774,113000,0,0,1,1,0
775,105000,0,0,1,1,2
776,106800,0,0,1,1,2
777,126080,1,0,3,3,1
778,139000,0,0,1,1,2
779,170550,0,0,1,1,2
780,141300,1,0,1,1,2
781,121500,0,0,1,1,2
782,297300,0,0,1,1,2
783,121523,1,0,4,4,2
784,142200,0,0,1,1,2
785,169000,0,0,1,1,2
786,185900,0,0,1,1,2
787,83500,1,0,1,1,2
788,112000,1,0,1,1,2
789,106250,1,0,1,1,2
790,31520,2,0,8,0,2
791,130000,1,0,1,1,2
792,140000,3,0,1,1,2
793,200000,0,0,1,1,2
794,37824,0,0,0,0,2
795,75000,1,0,1,1,2
796,130000,1,0,1,1,2
797,106800,-1,0,1,1,2
798,75050,1,0,13,19,0
799,85000,0,0,1,1,2
800,152900,-1,0,1,1,2
801,205000,0,0,1,1,2
802,300000,2,0,6,6,0
803,160000,0,0,1,1,2
804,185000,3,0,1,1,2
805,110000,0,0,1,1,2
806,185900,0,0,1,1,2
807,203300,0,0,1,1,2
808,135000,0,0,1,1,2
809,87738,0,0,2,2,1
810,150000,0,0,1,1,2
811,130000,0,0,1,1,2
812,68318,0,0,13,12,2
813,180000,1,0,1,1,2
814,108000,1,0,1,1,2
815,73900,2,-1,1,1,2
816,87000,1,0,1,1,0
817,95000,-1,0,2,2,2
818,73000,1,0,1,1,0
819,56536,2,0,10,9,1
820,33609,1,-1,29,40,0
821,191475,0,0,1,1,2
822,31795,1,0,6,1,2
823,142200,0,0,1,1,2
824,170000,-1,-1,1,1,2
825,125000,0,0,1,1,2
826,142800,0,0,1,1,2
827,74178,0,0,1,1,2
828,200000,0,0,1,1,2
829,186000,0,0,1,1,2
830,240000,0,0,1,1,2
831,129000,0,0,1,1,2
832,145000,0,0,1,1,2
833,180000,0,0,1,1,2
834,141600,0,0,1,1,2
835,145000,0,0,1,1,2
836,48000,1,0,68,1,1
837,61989,1,0,19,49,0
838,191475,0,0,1,1,2
839,190000,0,0,1,1,2
840,61800,2,0,1,1,2
841,131300,0,0,1,1,0
842,120000,0,0,1,1,2
843,100706,0,0,1,1,2
844,165000,1,0,1,1,2
845,113000,0,0,1,1,2
846,133300,0,0,1,1,2
847,115000,0,0,1,1,-1
848,151800,0,0,1,1,2
849,28609,2,3,56,54,1
850,48289,-1,0,0,0,2
851,160000,2,0,1,1,2
852,210000,0,0,1,1,2
853,120000,0,0,62,60,1
854,106000,-1,0,1,1,0
855,174000,0,0,3,3,2
856,145000,0,0,1,1,2
857,189750,2,0,1,1,2
858,82528,2,0,4,4,0
859,35093,2,0,4,4,0
860,128875,0,0,1,1,2
861,63000,0,0,1,1,2
862,160000,0,0,1,1,2
863,220110,0,0,1,1,2
864,190000,0,0,1,1,1
865,120000,0,0,1,1,2
866,42197,1,0,12,11,1
867,265000,3,0,1,1,2
868,145000,0,-1,1,1,2
869,50000,2,0,1,1,2
870,185700,1,0,1,1,2
871,99750,0,0,1,1,2
872,241000,1,0,1,1,2
873,240000,0,0,1,1,2
874,84053,3,0,9,8,0
875,85000,0,0,1,1,2
876,101228,0,0,4,4,2
877,200000,1,0,6,1,0
878,100000,0,0,1,1,2
879,149850,0,0,1,1,2
880,183000,0,0,1,1,2
881,198800,0,-1,1,1,2
882,38776,1,0,0,0,2
883,217000,0,0,1,1,2
884,317070,0,0,1,1,2
885,93700,0,0,1,1,2
886,142200,0,0,1,1,2
887,65062,1,0,7,7,0
888,85700,0,0,1,1,2
889,175000,0,0,1,1,2
890,141525,0,0,1,1,2
891,175000,0,0,1,1,2
892,120000,0,-1,1,1,2
893,216200,1,0,1,1,-1
894,119000,0,0,1,1,2
895,75000,0,0,1,1,2
896,275000,0,0,3,3,2
897,245000,0,0,1,1,2
898,253750,0,0,0,0,2
899,30000,1,1,1,1,1
900,130000,-1,0,1,1,2
901,129300,0,0,1,1,2
902,175000,-1,0,2,2,2
903,90000,1,0,1,1,2
904,101570,0,0,1,1,2
905,193000,0,0,0,1,2
906,190000,0,0,1,1,0
907,106800,0,0,1,1,2
908,300240,0,0,1,1,2
909,120000,0,0,1,1,2
910,157750,0,0,1,1,2
911,117104,0,0,2,2,0
912,100000,1,0,2,2,2
913,80000,0,0,1,1,2
914,172200,0,0,1,1,2
915,24823,1,0,23,21,0
916,138750,0,0,1,1,2
917,120000,1,0,1,1,2
918,50000,1,0,34,30,1
919,12888,-1,0,6,6,1
920,90000,1,0,1,1,2
921,185900,0,0,1,1,2
922,104890,0,0,1,1,2
923,199000,0,0,1,1,2
924,90700,0,0,1,1,2
925,209100,-1,0,1,1,0
926,6304,2,0,38,34,-1
927,289800,0,0,1,1,-1
928,70000,0,0,1,1,2
929,164000,0,0,1,1,2
930,140000,0,0,1,1,2
931,25000,1,0,53,52,2
932,70000,0,0,1,1,2
933,275000,-1,0,2,2,1
934,94564,0,0,3,3,0
935,150000,2,0,1,1,2
936,72200,0,0,1,1,2
937,183600,0,0,2,2,2
938,185000,0,0,1,1,2
939,51508,-1,0,0,0,-1
940,135000,2,0,1,1,2
941,161342,0,0,1,1,-1
942,231250,0,0,1,1,2
943,75344,1,0,4,4,2
944,115573,0,0,12,11,2
945,185900,-1,0,1,1,2
946,28369,1,0,77,71,0
947,75648,1,0,3,3,1
948,199000,0,0,1,1,2
949,48000,0,0,20,17,2
950,55410,-1,0,4,4,2
951,134000,1,0,1,1,2
952,175000,1,0,1,1,2
953,74540,2,0,1,1,2
954,125000,0,0,1,1,2
955,200000,1,0,1,1,2
956,115447,1,0,4,4,0
957,135000,-1,0,1,1,2
958,180000,-1,0,1,1,2
959,149076,0,0,1,1,2
960,150000,0,0,1,1,2
961,250000,0,0,1,1,2
962,77300,2,0,1,1,2
963,197000,0,0,1,1,2
964,210000,0,0,1,1,2
965,130000,0,0,1,1,-1
966,70000,1,0,1,1,2
967,171250,0,0,1,1,2
968,225000,1,0,1,1,2
969,121523,1,0,4,4,2
970,140000,0,0,1,1,2
971,100000,1,0,1,1,2
972,192400,0,0,2,2,2
973,140000,0,0,1,1,2
974,128000,1,0,1,1,2
975,200000,0,0,1,1,2
976,105000,0,0,1,1,2
977,63000,0,-1,1,1,2
978,115000,0,0,1,1,2
979,146000,0,0,1,1,2
980,135000,0,0,1,1,2
981,136000,0,0,1,1,0
982,97750,1,0,1,1,2
983,170000,0,-1,1,1,2
984,130000,1,0,1,1,2
985,180000,0,0,1,1,2
986,150000,0,0,1,1,2
987,240500,0,0,1,1,0
988,100000,0,0,1,1,2
989,141288,0,0,1,1,2
990,105000,2,0,54,1,0
991,210000,3,0,1,1,2
992,186000,0,0,1,1,2
993,150000,0,0,1,1,2
994,120000,0,0,1,1,2
995,220000,0,0,1,1,2
996,180000,1,0,1,1,2
997,43096,2,0,4,4,2
998,125000,1,0,1,1,2
999,109000,0,0,1,1,2
1000,300000,1,0,1,1,2
1001,42000,2,-1,9,8,0
1002,112900,0,0,1,1,2
1003,150000,0,-1,1,1,2
1004,220000,1,0,1,1,2
1005,190000,0,0,1,1,2
1006,175000,0,0,1,1,2
1007,150000,1,0,1,1,-1
1008,95000,2,0,1,1,2
1009,85000,0,0,1,1,2
1010,172200,0,0,1,1,2
1011,110000,-1,0,1,1,2
1012,150000,0,0,1,1,2
1013,100000,1,0,1,1,2
1014,16228,2,0,6,6,0
1015,250000,1,0,1,1,2
1016,115000,0,0,1,1,2
1017,145000,3,0,1,1,2
1018,150000,0,0,1,1,2
1019,110000,0,0,1,1,2
1020,100000,0,0,9,8,0
1021,131300,0,0,1,1,0
1022,190000,0,0,1,1,2
1023,180000,0,0,1,1,2
1024,126000,0,-1,1,1,2
1025,175000,0,0,1,1,2
1026,120000,1,-1,1,1,2
1027,64500,1,0,1,1,2
1028,200000,0,0,1,1,0
1029,216200,0,0,1,1,2
1030,120000,0,-1,1,1,2
1031,105000,0,0,1,1,2
1032,100000,0,0,1,1,2
1033,220000,1,0,1,1,2
1034,100000,-1,0,1,1,2
1035,230000,0,0,1,1,2
1036,18238,1,0,6,6,0
1037,110000,0,0,1,1,2
1038,72914,1,0,4,4,2
1039,145000,1,0,1,1,2
1040,200000,3,0,1,1,2
1041,82365,0,0,1,1,2
1042,116914,1,0,4,4,0
1043,137500,0,0,1,1,2
1044,130000,1,0,1,1,2
1045,100500,0,0,1,1,-1
1046,129300,0,0,1,1,2
1047,108000,2,0,1,1,1
1048,62726,2,0,3,3,1
1049,24000,-1,0,1,1,2
1050,57723,1,0,4,4,2
1051,71907,2,0,1,1,2
1052,5132,1,0,51,51,2
1053,95000,1,0,1,1,2
1054,145000,1,0,1,1,2
1055,50432,0,0,0,0,2
1056,150000,2,0,1,1,0
1057,136000,0,0,1,1,0
1058,185000,0,0,1,1,2
1059,167580,0,0,1,1,2
1060,130000,1,0,1,1,2
1061,130000,0,0,1,1,2
1062,122500,0,-1,1,1,-1
1063,160000,1,0,1,1,2
1064,61566,-1,0,4,4,2
1065,175000,1,0,1,1,-1
1066,75000,0,0,1,1,2
1067,150000,0,0,1,1,2
1068,74000,1,0,64,64,1
1069,100000,0,0,1,1,-1
1070,76309,3,0,6,6,0
1071,120000,1,0,1,1,2
1072,112900,0,0,1,1,2
1073,130000,3,0,1,1,2
1074,53654,0,0,12,11,1
1075,9466,1,0,6,6,1
1076,135000,0,0,1,1,2
1077,212800,0,0,1,1,2
1078,197000,0,0,1,1,2
1079,150000,0,0,1,1,2
1080,43809,1,0,4,4,2
1081,180000,0,0,1,1,2
1082,172600,0,0,1,1,2
1083,150075,0,0,1,1,2
1084,95000,-1,0,1,1,2
1085,120000,0,0,2,2,-1
1086,130000,0,0,1,1,2
1087,85000,0,0,1,1,2
1088,200000,0,0,1,1,0
1089,164000,0,0,1,1,2
1090,100000,0,0,1,1,2
1091,136000,0,0,1,1,2
1092,44365,1,0,29,40,1
1093,194000,0,0,1,1,2
1094,203500,0,0,1,1,2
1095,110600,0,0,1,1,2
1096,150000,1,0,1,1,-1
1097,119300,0,0,1,1,0
1098,63040,0,0,14,12,1
1099,179305,0,0,1,1,2
1100,190000,0,0,1,1,2
1101,163800,0,0,1,1,2
1102,60757,0,0,8,24,0
1103,130000,0,-1,1,1,2
1104,300000,0,0,1,1,2
1105,276000,0,0,1,1,2
1106,189110,0,0,1,1,2
1107,173000,0,0,1,1,2
1108,175000,0,0,1,1,2
1109,55000,0,0,1,1,2
1110,150000,0,0,1,1,0
1111,106800,0,0,1,1,-1
1112,205000,0,0,1,1,2
1113,90000,2,0,1,1,1
1114,110000,0,0,2,2,2
1115,174500,0,0,1,1,2
1116,250500,0,0,1,1,2
1117,62000,1,0,1,1,2
1118,51081,2,-1,2,2,0
1119,130000,0,0,1,1,2
1120,105000,1,0,1,1,2
1121,95000,1,0,1,1,2
1122,130000,0,0,1,1,2
1123,154600,-1,0,1,1,2
1124,153600,0,0,1,1,2
1125,79197,0,0,3,3,0
1126,135000,0,0,1,1,2
1127,159200,-1,0,1,1,0
1128,22800,1,0,60,59,2
1129,129000,0,0,1,1,2
1130,90000,2,0,1,1,2
1131,153000,1,0,1,1,2
1132,204500,0,0,1,1,2
1133,162500,0,0,1,1,2
1134,231500,0,0,1,1,2
1135,310000,3,0,1,1,2
1136,73880,1,0,4,4,2
1137,60093,1,0,19,3,2
1138,135000,1,0,1,1,2
1139,174000,0,0,3,3,2
1140,50000,2,0,6,1,2
1141,250000,0,0,1,1,2
1142,130000,1,0,1,1,2
1143,49253,1,0,4,4,2
1144,73546,1,0,37,33,2
1145,68428,0,0,37,1,0
1146,100000,0,0,1,1,2
1147,150000,1,0,1,1,2
1148,165000,-1,0,1,1,2
1149,200000,0,0,1,1,2
1150,85847,0,0,3,3,1
1151,140000,0,0,1,1,2
1152,51321,2,0,12,11,1
1153,140000,0,0,1,1,2
1154,50000,0,-1,58,56,1
1155,92350,1,0,4,4,2
1156,160000,-1,0,1,1,2
1157,109400,0,0,1,1,2
1158,205600,0,0,1,1,2
1159,300240,0,0,1,1,2
1160,105200,0,0,1,1,2
1161,110446,1,0,44,43,2
1162,220000,0,0,1,1,2
1163,85000,1,0,1,1,2
1164,160000,0,0,1,1,2
1165,227000,0,0,1,1,-1
1166,140000,0,0,1,1,2
1167,140000,0,0,1,1,2
1168,146000,0,0,1,1,2
1169,129000,0,0,1,1,2
1170,72914,1,0,28,27,2
1171,92000,0,0,4,4,2
1172,122700,0,0,1,1,2
1173,205920,1,0,1,1,2
1174,115000,0,0,1,1,2
1175,159832,0,0,1,1,2
1176,154000,0,0,1,1,2
1177,200000,0,0,1,1,2
1178,150000,0,0,1,1,2
1179,120000,1,0,1,1,2
1180,130000,1,0,1,1,2
1181,109280,0,0,1,1,2
1182,120000,0,-1,1,1,2
1183,309400,0,0,1,1,0
1184,191200,0,0,1,1,-1
1185,85000,3,0,68,25,2
1186,240000,0,0,1,1,2
1187,46759,1,0,12,11,0
1188,40663,2,0,2,2,0
1189,200000,3,0,1,1,1
1190,75000,1,0,1,1,2
1191,259000,0,0,1,1,2
1192,127221,0,-1,2,2,0
1193,180000,0,0,1,1,2
1194,177500,0,0,1,1,2
1195,130000,1,0,1,1,-1
1196,216000,0,0,1,1,2
1197,60938,2,0,3,3,0
1198,92350,1,-1,4,4,2
1199,153000,0,0,1,1,0
1200,119059,1,0,21,15,2
1201,222200,0,0,1,1,0
1202,297500,-1,0,1,1,2
1203,165000,1,0,1,1,2
1204,99000,-1,0,1,1,2
1205,60938,1,0,3,3,1
1206,192500,0,0,1,1,-1
1207,223250,0,0,1,1,-1
1208,36259,1,0,48,1,0
1209,376080,0,0,1,1,-1
1210,205000,0,0,1,1,2
1211,117000,0,0,1,1,2
1212,183310,1,0,1,1,2
1213,183500,0,0,1,1,2
1214,213120,0,0,1,1,2
1215,90000,0,0,1,1,2
1216,75000,-1,0,1,1,2
1217,215000,0,0,1,1,2
1218,75000,0,0,1,1,2
1219,53416,1,0,6,58,0
1220,140000,0,0,1,1,2
1221,67723,1,0,4,4,2
1222,135000,0,0,1,1,2
1223,126000,0,0,1,1,2
1224,155000,3,0,1,1,2
1225,109000,1,0,1,1,2
1226,170000,1,0,1,1,2
1227,200000,0,0,1,1,0
1228,110600,0,0,1,1,2
1229,180000,0,0,1,1,2
1230,127000,0,-1,1,1,2
1231,73546,1,0,9,8,0
1232,180000,0,0,1,1,2
1233,170000,0,0,1,1,2
1234,236600,0,0,1,1,2
1235,126000,0,0,1,1,2
1236,145000,1,0,1,1,2
1237,85000,1,0,1,1,0
1238,155000,0,0,1,1,2
1239,170000,-1,0,1,1,2
1240,150000,2,0,13,19,1
1241,188700,0,0,1,1,2
1242,91237,0,0,19,49,1
1243,67141,-1,0,4,4,2
1244,31520,2,0,0,0,2
1245,46809,1,0,0,0,2
1246,147000,1,0,1,1,2
1247,95000,1,0,0,0,-1
1248,160000,0,0,1,1,2
1249,170000,1,0,1,1,2
1250,106500,0,0,1,1,2
1251,92700,2,0,1,1,2
1252,82528,1,0,4,4,0
1253,176100,0,0,1,1,0
1254,165000,0,0,1,1,2
1255,90000,0,0,1,1,2
1256,130000,0,0,1,1,2
1257,215300,0,0,1,1,0
1258,169000,0,0,1,1,2
1259,138750,0,0,1,1,2
1260,141525,0,0,1,1,2
1261,95000,0,0,1,1,2
1262,200000,0,0,1,1,2
1263,205000,3,0,1,1,2
1264,105000,0,0,1,1,2
1265,210000,0,0,1,1,2
1266,28399,2,0,6,6,2
1267,128500,0,0,1,1,2
1268,155000,1,0,1,1,0
1269,225000,0,0,1,1,2
1270,108000,1,0,1,1,0
1271,149076,0,0,1,1,2
1272,85066,1,0,4,4,-1
1273,134000,0,0,1,1,2
1274,150000,0,0,1,1,2
1275,129000,0,0,1,1,2
1276,222000,0,0,1,1,2
1277,145000,0,0,1,1,2
1278,185000,0,0,1,1,2
1279,46597,1,0,29,40,0
1280,123000,0,0,1,1,2
1281,275300,0,0,1,1,2
1282,110000,0,0,1,1,2
1283,300000,0,0,1,1,2
1284,93700,0,0,1,1,2
1285,120000,2,0,1,1,2
1286,100000,1,0,1,1,2
1287,81666,0,0,1,1,2
1288,87000,0,0,1,1,2
1289,162500,1,0,1,1,2
1290,88654,-1,0,45,57,2
1291,225000,0,0,1,1,2
1292,110000,2,3,59,11,2
1293,100000,0,0,1,1,2
1294,310000,3,0,1,1,2
1295,120000,0,0,1,1,2
1296,178600,0,0,1,1,2
1297,53654,0,0,9,2,0
1298,92350,1,0,4,4,2
1299,24342,0,0,6,6,0
1300,95746,1,0,3,1,1
1301,180000,0,0,1,1,2
1302,120000,0,0,1,1,2
1303,237000,0,0,1,1,2
1304,200000,-1,0,1,1,2
1305,65000,0,0,62,60,1
1306,184000,0,0,1,1,2
1307,155000,0,0,1,1,2
1308,38154,0,0,6,6,0
1309,120000,1,0,1,1,2
1310,129300,0,0,1,1,2
1311,188800,0,0,1,1,2
1312,100000,2,2,47,46,2
1313,129000,-1,0,1,1,2
1314,115934,0,-1,1,1,2
1315,156400,0,0,1,1,2
1316,90700,0,0,2,2,2
1317,165000,0,0,1,1,2
1318,61566,1,0,4,4,2
1319,84053,1,0,37,33,2
1320,162500,1,0,1,1,2
1321,42533,0,0,11,10,2
1322,170000,0,0,1,1,2
1323,159832,0,0,1,1,2
1324,145828,1,0,4,4,2
1325,208775,0,0,1,1,2
1326,122000,0,0,1,1,2
1327,128000,0,0,1,1,-1
1328,28368,2,0,12,11,2
1329,220000,2,0,1,1,2
1330,135000,1,0,1,1,0
1331,47899,0,0,37,33,0
1332,109371,1,0,28,27,2
1333,183600,0,0,1,1,2
1334,63040,1,0,37,33,2
1335,110820,1,0,4,4,2
1336,120000,1,0,1,1,2
1337,160000,0,0,1,1,2
1338,145000,0,0,1,1,2
1339,135000,0,0,1,1,2
1340,125000,2,0,1,1,2
1341,130000,1,0,1,1,2
1342,140000,1,0,1,1,2
1343,239748,0,0,1,1,2
1344,132300,0,0,1,1,2
1345,115000,1,0,1,1,2
1346,131300,0,0,1,1,0
1347,205600,0,0,1,1,0
1348,39916,2,0,12,11,2
1349,191475,0,0,1,1,-1
1350,120000,1,0,1,1,2
1351,99100,0,0,1,1,2
1352,125000,0,0,20,17,0
1353,123000,0,0,1,1,2
1354,184000,0,0,1,1,2
1355,150000,0,0,1,1,2
1356,185000,-1,0,1,1,2
1357,158200,0,0,1,1,0
1358,160000,0,0,1,1,2
1359,100000,0,0,1,1,-1
1360,262500,0,0,1,1,0
1361,100000,0,0,1,1,0
1362,222640,3,0,1,1,-1
1363,75000,1,0,1,1,2
1364,110000,-1,-1,1,1,2
1365,192000,0,0,1,1,2
1366,160000,0,0,1,1,2
1367,102000,1,0,1,1,2
1368,150000,0,0,1,1,2
1369,175000,3,0,1,1,2
1370,94300,0,0,1,1,2
1371,100000,0,0,1,1,2
1372,120000,-1,0,1,1,2
1373,70000,2,0,1,1,2
1374,41689,2,0,64,64,1
1375,245100,0,0,1,1,2
1376,140000,1,0,1,1,2
1377,90000,2,0,1,1,1
1378,167000,1,-1,1,1,2
1379,120000,1,0,1,1,2
1380,129300,0,0,1,1,2
1381,134000,0,0,1,1,2
1382,147000,1,0,1,1,0
1383,134236,0,0,1,1,2
1384,252000,0,0,1,1,2
1385,184700,0,0,1,1,2
1386,248700,0,0,1,1,2
1387,179820,0,0,1,1,2
1388,125000,0,-1,1,1,2
1389,48000,2,0,1,1,2
1390,125600,0,0,1,1,2
1391,140000,1,0,1,1,2
1392,82280,0,0,4,4,2
1393,142200,0,0,1,1,2
1394,325000,3,0,1,1,0
1395,170000,1,0,1,1,0
1396,150000,0,0,1,1,2
1397,129400,0,0,1,1,2
1398,132000,0,0,1,1,2
1399,183500,0,0,1,1,2
1400,98506,0,0,4,4,2
1401,37558,0,0,8,24,2
1402,168400,0,0,1,1,2
1403,120000,0,0,1,1,-1
1404,141525,-1,0,1,1,2
1405,105000,0,-1,1,1,2
1406,94665,0,0,6,6,0
1407,120000,0,0,1,1,2
1408,204500,0,0,1,1,2
1409,145000,0,0,1,1,2
1410,80000,1,0,1,1,-1
1411,110000,1,0,1,1,2
1412,154600,0,0,1,1,2
1413,119000,0,0,1,1,2
1414,104697,1,0,10,9,0
1415,168400,0,0,1,1,2
1416,135000,0,0,1,1,2
1417,154000,0,0,1,1,2
1418,153600,0,0,1,1,2
1419,134000,0,0,1,1,2
1420,128280,0,0,1,1,2
1421,108000,0,0,1,1,2
1422,110000,0,0,1,1,2
1423,70500,0,0,1,1,2
1424,100000,0,0,1,1,2
1425,50000,2,0,30,1,0
1426,185000,0,0,24,22,2
1427,120000,0,0,1,1,-1
1428,182200,0,0,1,1,-1
1429,95000,0,0,1,1,2
1430,200000,1,0,1,1,2
1431,48000,2,0,1,1,2
1432,120000,0,0,1,1,2
1433,106500,0,0,1,1,2
1434,135000,2,0,1,1,2
1435,112300,1,0,1,1,0
1436,95000,0,0,1,1,2
1437,229998,0,0,1,1,0
1438,120000,0,0,1,1,-1
1439,210000,0,0,1,1,2
1440,95000,0,0,1,1,2
1441,125000,0,0,1,1,0
1442,134000,1,0,1,1,2
1443,140800,0,0,1,1,2
1444,185000,0,0,1,1,0
1445,54094,0,0,6,1,0
1446,34320,2,3,1,1,1
1447,136994,0,0,1,1,2
1448,304000,0,0,1,1,2
1449,243225,0,0,1,1,2
1450,210000,1,0,1,1,2
1451,113000,0,0,1,1,2
1452,110000,0,0,1,1,2
1453,54000,1,0,26,23,2
1454,146000,0,0,1,1,-1
1455,180000,0,0,1,1,2
1456,110600,0,0,1,1,2
1457,286000,3,0,1,1,2
1458,170000,0,0,1,1,0
1459,128875,0,0,1,1,2
1460,63000,0,0,1,1,2
1461,55000,2,0,1,1,1
1462,10000,1,0,53,52,2
1463,156400,0,0,1,1,2
1464,53192,0,0,12,11,-1
1465,75000,1,0,1,1,2
1466,204500,0,0,1,1,2
1467,150000,-1,0,1,1,2
1468,19073,2,3,56,54,0
1469,125000,2,0,1,1,1
1470,229000,0,0,1,1,2
1471,60000,2,0,4,4,-1
1472,230000,0,0,1,1,2
1473,141290,0,0,1,1,2
1474,185000,-1,0,1,1,2
1475,213000,0,0,1,1,2
1476,113900,0,0,1,1,2
1477,61566,1,0,4,4,2
1478,164996,0,0,1,1,2
1479,150000,0,0,1,1,2
1480,162500,0,0,1,1,2
1481,237000,0,0,1,1,-1
1482,128000,0,0,1,1,2
1483,115222,3,0,2,2,1
1484,63000,0,0,1,1,2
1485,239000,0,0,1,1,0
1486,101943,0,0,16,14,2
1487,90320,0,0,1,1,2
1488,135000,0,0,1,1,2
1489,12767,2,0,6,6,0
1490,140000,0,0,1,1,2
1491,50432,0,0,0,0,2
1492,7000,2,0,18,16,1
1493,100000,2,0,1,1,2
1494,175000,0,0,1,1,2
1495,158677,0,0,1,1,2
1496,141525,0,0,1,1,2
1497,191475,0,0,1,1,2
1498,129000,0,0,1,1,2
1499,178800,0,-1,1,1,0
1500,129000,0,0,1,1,2
1501,380000,0,0,1,1,0
1502,58331,1,0,4,4,2
1503,160000,2,0,1,1,2
1504,106020,0,0,1,1,2
1505,200000,3,0,1,1,2
1506,109280,0,0,1,1,2
1507,195000,0,0,1,1,-1
1508,115000,0,0,1,1,1
1509,250000,0,0,1,1,2
1510,204500,0,0,1,1,2
1511,169000,0,0,1,1,2
1512,210000,0,0,1,1,2
1513,160000,1,0,1,1,2
1514,130000,0,0,1,1,2
1515,81500,0,0,1,1,2
1516,45618,0,0,28,27,1
1517,136000,0,0,1,1,2
1518,17805,-1,0,6,6,2
1519,136260,0,0,1,1,2
1520,250000,-1,0,1,1,2
1521,293000,0,0,1,1,2
1522,70139,1,0,12,11,0
1523,195800,3,0,1,1,2
1524,16904,1,0,6,6,1
1525,25500,1,1,1,1,1
1526,220000,0,0,1,1,2
1527,148500,0,0,1,1,2
1528,89200,0,0,1,1,2
1529,127000,0,0,1,1,2
1530,200000,0,0,1,1,2
1531,61566,1,0,4,4,1
1532,155000,0,0,1,1,2
1533,205600,0,0,1,1,0
1534,135000,2,0,1,1,2
1535,269600,3,0,1,1,-1
1536,115000,0,0,1,1,2
1537,110000,0,0,1,1,2
1538,110000,1,0,1,1,0
1539,85000,2,0,1,1,2
1540,162500,1,0,1,1,2
1541,94000,0,0,2,2,2
1542,153400,0,0,1,1,2
1543,100000,-1,0,1,1,-1
1544,247500,0,0,1,1,2
1545,105000,1,0,1,1,2
1546,95000,1,0,1,1,2
1547,61800,2,0,1,1,2
1548,353200,3,0,1,1,2
1549,130000,0,0,1,1,2
1550,112900,0,0,1,1,2
1551,212750,0,0,1,1,2
1552,99000,0,0,1,1,2
1553,178750,0,0,1,1,2
1554,198440,0,0,1,1,2
1555,100800,0,0,1,1,0
1556,185900,0,0,1,1,2
1557,206000,1,0,1,1,2
1558,195400,0,0,1,1,0
1559,61566,1,0,4,4,2
1560,130000,0,0,1,1,2
1561,253200,0,0,1,1,2
1562,102100,0,0,1,1,2
1563,215000,0,0,1,1,-1
1564,370000,0,0,1,1,2
1565,166000,0,0,1,1,2
1566,200000,1,0,1,1,0
1567,160000,0,0,1,1,2
1568,60000,0,0,1,1,2
1569,129300,0,0,1,1,2
1570,200000,0,0,4,4,-1
1571,141846,-1,0,3,3,0
1572,68293,0,0,0,0,2
1573,49253,2,0,4,4,2
1574,180000,0,0,1,1,0
1575,272550,0,0,1,1,2
1576,46178,1,0,4,4,2
1577,155000,2,0,1,1,2
1578,142200,0,0,1,1,2
1579,243000,0,0,1,1,2
1580,196000,0,0,1,1,2
1581,135000,0,0,1,1,2
1582,136000,1,0,1,1,2
1583,155000,0,0,1,1,2
1584,275000,0,0,1,1,2
1585,162000,0,0,1,1,2
1586,61200,1,0,1,1,2
1587,149600,1,0,1,1,2
1588,100000,-1,0,26,1,2
1589,76814,1,0,2,2,2
1590,297300,0,-1,1,1,2
1591,125000,1,0,1,1,1
1592,151800,1,0,1,1,2
1593,50000,-1,0,1,1,0
1594,45896,2,0,56,54,1
1595,95000,1,0,1,1,2
1596,115934,0,0,1,1,2
1597,135000,0,0,1,1,2
1598,187500,0,0,1,1,2
1599,141525,0,0,1,1,2
1600,48289,0,0,0,0,2
1601,160000,2,0,1,1,2
1602,100000,1,0,1,1,2
1603,120000,2,0,1,1,2
1604,180000,2,0,1,1,0
1605,90000,0,0,1,1,2
1606,140250,0,0,1,1,2
1607,88654,0,0,37,54,0
1608,184000,0,0,1,1,2
1609,40777,0,0,0,0,2
1610,179975,0,0,1,1,2
1611,205000,0,0,1,1,2
1612,127075,0,0,1,1,2
1613,80036,1,0,4,4,2
1614,90700,0,0,1,1,2
1615,116000,1,0,1,1,2
1616,107000,0,0,1,1,2
1617,81666,0,0,1,1,-1
1618,60000,2,0,1,1,2
1619,145000,1,0,1,1,0
1620,110000,3,0,1,1,2
1621,130000,0,0,1,1,2
1622,172386,1,0,4,4,2
1623,15966,2,3,3,3,1
1624,64385,2,0,3,3,2
1625,105000,0,0,1,1,2
1626,52500,0,0,1,1,-1
1627,65000,0,0,1,1,2
1628,68293,0,0,0,0,2
1629,209450,0,0,1,1,2
1630,140000,0,0,1,1,2
1631,153600,0,0,1,1,2
1632,142000,0,0,1,1,2
1633,78000,0,0,1,1,2
1634,144000,0,0,1,1,2
1635,147100,0,0,1,1,2
1636,82365,0,0,1,1,2
1637,130000,0,0,1,1,2
1638,150260,0,0,1,1,2
1639,105500,0,0,1,1,2
1640,310000,3,0,1,1,2
1641,130000,0,0,1,1,2
1642,104650,0,0,1,1,2
1643,143860,0,0,1,1,2
1644,28016,1,0,53,52,2
1645,184000,0,0,1,1,2
1646,247500,0,0,1,1,2
1647,58000,1,0,1,1,1
1648,154600,0,0,1,1,0
1649,125000,0,0,1,1,2
1650,170000,0,0,1,1,2
1651,160000,0,0,2,2,2
1652,12000,1,2,41,37,2
1653,122000,0,0,1,1,2
1654,318300,0,0,1,1,2
1655,204500,-1,0,1,1,2
1656,106800,0,0,1,1,2
1657,243900,0,0,1,1,2
1658,198440,0,0,1,1,0
1659,105000,1,0,1,1,2
1660,239000,3,0,1,1,2
1661,95000,0,0,1,1,2
1662,162000,0,0,1,1,2
1663,106020,0,0,1,1,2
1664,120000,1,0,1,1,2
1665,165000,0,0,1,1,2
1666,72914,1,0,4,4,2
1667,200000,1,0,1,1,0
1668,220000,0,0,1,1,0
1669,154000,0,0,1,1,2
1670,230000,0,0,1,1,2
1671,48289,1,-1,23,21,2
1672,90000,-1,0,2,2,2
1673,48000,2,0,1,1,2
1674,153600,-1,0,1,1,2
1675,120000,1,0,1,1,2
1676,149850,0,0,1,1,2
1677,200000,0,0,1,1,2
1678,52533,1,0,37,33,2
1679,139500,0,0,1,1,2
1680,192000,0,0,1,1,2
1681,120000,0,0,1,1,2
1682,150000,1,0,1,1,2
1683,170000,0,0,1,1,2
1684,21461,2,0,0,0,2
1685,190000,0,0,1,1,2
1686,63040,1,0,12,11,2
1687,182750,0,0,1,1,2
1688,155000,1,0,1,1,2
1689,200000,0,0,1,1,2
1690,175000,0,0,1,1,2
1691,100000,1,0,1,1,2
1692,246000,0,0,1,1,2
1693,98200,1,0,1,1,0
1694,185000,0,-1,1,1,2
1695,145000,1,0,1,1,2
1696,257000,0,0,1,1,2
1697,77684,0,0,12,11,2
1698,115000,0,0,1,1,2
1699,175308,0,0,1,1,2
1700,203500,0,0,1,1,2
1701,194000,0,0,1,1,2
1702,105200,0,0,1,1,2
1703,130000,0,0,1,1,2
1704,120000,1,0,1,1,2
1705,39925,0,0,0,0,2
1706,183500,0,0,1,1,2
1707,106800,0,0,1,1,2
1708,105200,0,0,1,1,2
1709,135000,0,0,1,1,2
1710,146300,0,0,1,1,2
1711,50000,2,0,1,1,0
1712,19609,1,-1,6,6,0
1713,300000,0,0,1,1,2
1714,207000,3,0,1,1,2
1715,102772,1,0,4,4,2
1716,239000,3,0,1,1,2
1717,187500,1,0,1,1,2
1718,130000,3,0,1,1,-1
1719,135000,2,0,1,1,2
1720,165000,0,0,1,1,0
1721,170000,0,0,1,1,2
1722,80000,1,0,1,1,2
1723,226700,0,0,1,1,2
1724,153600,0,0,1,1,2
1725,100000,0,0,1,1,2
1726,193900,0,0,1,1,2
1727,167500,1,0,1,1,2
1728,130000,1,0,1,1,2
1729,43809,1,0,4,4,2
1730,47280,0,0,0,0,2
1731,144100,0,0,1,1,2
1732,115000,0,0,1,1,2
1733,145000,0,0,1,1,2
1734,144000,0,-1,1,1,2
1735,230000,3,0,68,25,0
1736,51039,1,0,4,4,2
1737,12877,2,-1,37,33,0
1738,10000,2,0,5,5,1
1739,37825,1,0,0,0,0
1740,8000,1,0,41,37,0
1741,76958,1,0,4,4,1
1742,116000,0,0,1,1,2
1743,102100,0,0,1,1,2
1744,168000,0,0,1,1,2
1745,185000,0,0,1,1,2
1746,60400,1,0,1,1,2
1747,100000,0,0,1,1,0
1748,164996,0,0,1,1,2
1749,210000,0,0,1,1,2
1750,230000,0,0,1,1,2
1751,124234,2,0,1,1,-1
1752,248100,0,0,2,2,2
1753,220000,0,0,1,1,2
1754,170000,0,0,1,1,2
1755,130000,0,0,1,1,2
1756,185900,0,0,1,1,2
1757,124000,1,0,1,1,2
1758,100000,1,0,1,1,2
1759,200000,0,0,1,1,2
1760,80041,0,0,4,4,2
1761,221300,0,0,1,1,0
1762,193900,1,0,1,1,2
1763,185900,0,0,1,1,2
1764,153600,0,0,1,1,-1
1765,75000,-1,0,2,2,1
1766,185900,0,0,1,1,2
1767,140000,0,0,1,1,2
1768,88100,0,0,1,1,2
1769,170500,0,0,1,1,2
1770,175000,0,0,1,1,2
1771,100000,0,0,1,1,2
1772,105200,0,0,1,1,2
1773,132320,0,0,1,1,2
1774,150000,0,0,1,1,2
1775,85500,0,0,1,1,2
1776,139500,0,0,1,1,2
1777,47280,0,0,0,0,2
1778,90700,0,0,1,1,2
1779,30523,1,2,6,6,1
1780,250000,0,0,1,1,2
1781,200000,1,0,1,1,2
1782,106800,0,0,1,1,-1
1783,12000,2,3,26,1,1
1784,116000,1,-1,1,1,2
1785,135000,2,0,1,1,2
1786,15000,2,0,27,26,0
1787,125000,0,0,1,1,2
1788,93000,2,0,1,1,2
1789,38631,1,0,0,0,-1
1790,122700,0,0,1,1,2
1791,125000,2,0,1,1,2
1792,200000,0,0,55,53,2
1793,142200,0,0,1,1,2
1794,37824,-1,0,0,0,2
1795,135000,-1,0,1,1,0
1796,98506,1,0,4,4,2
1797,140400,0,0,1,1,2
1798,100000,0,0,1,1,0
1799,148750,0,0,1,1,2
1800,128500,0,0,1,1,2
1801,5679,1,0,6,1,1
1802,81666,0,0,1,1,2
1803,10000,2,0,8,61,2
1804,150000,0,0,1,1,2
1805,12608,0,0,49,50,1
1806,79000,-1,0,1,1,2
1807,5409,1,3,6,6,2
1808,96282,0,0,4,4,0
1809,139600,0,0,1,1,2
1810,141525,0,0,1,1,2
1811,153000,3,0,1,1,2
1812,100000,1,0,1,1,2
1813,250000,-1,0,1,1,2
1814,183000,0,0,1,1,2
1815,231250,0,0,1,1,2
1816,225000,0,0,1,1,2
1817,38631,0,0,0,0,2
1818,113000,0,0,1,1,2
1819,54634,1,0,9,8,1
1820,112000,0,0,1,1,2
1821,120000,0,0,1,1,2
1822,110820,-1,0,4,4,2
1823,183310,1,0,1,1,2
1824,113000,-1,0,1,1,2
1825,210000,0,0,1,1,2
1826,106500,3,0,1,1,2
1827,139500,0,-1,1,1,2
1828,51508,0,-1,0,0,2
1829,12000,2,0,33,42,0
1830,171000,0,0,1,19,0
1831,156400,0,0,1,1,2
1832,166700,0,0,1,1,2
1833,75000,0,0,1,1,2
1834,150000,1,0,1,1,2
1835,188100,0,0,1,1,2
1836,145000,0,0,1,1,2
1837,102100,0,0,1,1,2
1838,85000,1,0,1,1,2
1839,239000,3,0,1,1,2
1840,65000,2,0,1,1,2
1841,195000,1,0,1,1,2
1842,193750,0,0,1,1,2
1843,140000,0,0,1,1,2
1844,100000,0,0,1,1,2
1845,80000,1,0,1,1,2
1846,238000,0,0,1,1,2
1847,63000,0,0,1,1,2
1848,206500,0,0,1,1,2
1849,231250,0,0,1,1,2
1850,170000,0,0,1,1,2
1851,54685,1,0,4,4,2
1852,153600,0,0,1,1,2
1853,222200,0,0,1,1,0
1854,50000,0,0,31,4,2
1855,69133,1,-1,2,2,0
1856,160000,0,0,1,1,0
1857,145000,1,0,1,1,2
1858,21013,2,0,8,24,0
1859,340000,1,0,1,1,2
1860,115000,0,0,1,1,2
1861,75000,2,0,1,1,2
1862,210914,3,0,1,1,2
1863,221000,0,0,1,1,2
1864,133300,0,0,1,1,2
1865,160000,0,0,1,1,2
1866,247500,0,0,1,1,2
1867,100000,1,0,1,1,2
1868,75020,1,0,21,18,0
1869,66022,1,0,7,4,1
1870,115000,0,0,1,1,0
1871,134024,0,0,1,1,2
1872,143200,-1,0,4,4,2
1873,54685,1,0,4,4,2
1874,105700,0,0,1,1,-1
1875,185000,0,0,1,1,2
1876,80036,1,0,4,4,2
1877,130000,0,0,1,1,2
1878,142200,-1,0,1,1,2
1879,204500,0,0,1,1,2
1880,51716,1,0,4,4,2
1881,120000,0,0,1,1,2
1882,198000,0,0,1,1,2
1883,98000,1,0,1,1,2
1884,314100,3,0,1,1,2
1885,161000,-1,0,1,1,2
1886,155000,0,0,1,1,2
1887,126000,0,-1,1,1,2
1888,99000,0,0,1,1,2
1889,116100,3,0,1,1,2
1890,100000,1,0,1,1,-1
1891,81666,0,0,1,1,2
1892,197430,0,0,1,1,2
1893,260000,0,0,64,64,1
1894,150075,0,0,1,1,2
1895,160000,0,0,1,1,2
1896,249260,0,0,1,1,2
1897,160000,0,0,1,1,0
1898,156400,0,0,1,1,2
1899,100000,-1,0,1,1,2
1900,250000,0,0,1,1,2
1901,90000,-1,0,1,1,2
1902,375000,0,0,1,1,0
1903,147000,0,0,1,1,2
1904,385000,0,0,1,1,2
1905,138900,0,0,1,1,2
1906,180000,1,0,1,1,2
1907,96113,0,0,2,2,0
1908,165000,1,0,1,1,2
1909,129300,0,0,1,1,2
1910,156400,0,0,1,1,2
1911,144000,0,0,1,1,-1
1912,175000,1,0,1,1,2
1913,200000,0,0,1,1,2
1914,165000,0,0,1,1,2
1915,201450,0,0,1,1,2
1916,110600,0,0,1,1,2
1917,229998,0,0,1,1,0
1918,185900,0,0,1,1,2
1919,107000,0,0,1,1,2
1920,144200,1,0,1,1,2
1921,153090,0,0,1,1,2
1922,90000,1,0,1,1,2
1923,120000,0,0,1,1,2
1924,130000,0,0,1,1,2
1925,90700,0,0,1,1,2
1926,45391,1,0,9,8,0
1927,67000,2,0,2,2,2
1928,193000,0,0,1,1,2
1929,84053,2,0,45,57,0
1930,92350,1,0,4,4,-1
1931,165000,0,0,1,1,2
1932,140000,0,0,1,1,2
1933,123700,0,0,1,1,-1
1934,130000,0,0,1,1,2
1935,128000,0,0,1,1,2
1936,70000,-1,0,1,1,2
1937,160000,0,0,26,1,1
1938,75000,1,0,57,1,0
1939,105200,0,0,1,1,-1
1940,120000,0,0,1,1,2
1941,100000,1,-1,1,1,2
1942,180000,0,0,1,1,2
1943,130000,0,0,1,1,2
1944,10000,0,0,2,41,1
1945,160000,0,0,1,1,2
1946,150000,0,0,1,1,2
1947,136000,0,0,1,1,2
1948,67723,1,0,4,4,2
1949,175000,0,0,2,2,2
1950,109371,1,0,4,4,2
1951,230000,1,0,1,1,2
1952,135000,1,0,1,1,2
1953,156000,0,0,1,1,2
1954,84000,0,0,1,1,2
1955,150000,1,0,1,1,2
1956,200000,0,0,1,1,-1
1957,143860,0,0,1,1,2
1958,210000,0,0,1,1,2
1959,84053,1,0,0,0,2
1960,149076,0,-1,1,1,2
1961,154000,1,0,1,1,-1
1962,53654,1,0,40,36,0
1963,179775,0,0,1,1,2
1964,105000,0,1,1,1,2
1965,231250,0,0,1,1,2
1966,42000,1,0,26,23,2
1967,136000,-1,0,1,1,2
1968,239000,3,0,1,1,2
1969,201000,0,0,1,1,2
1970,63000,0,0,1,1,2
1971,196000,0,0,1,1,2
1972,48000,2,0,1,1,0
1973,192564,0,0,1,1,2
1974,150000,0,0,1,1,2
1975,130000,0,0,1,1,2
1976,57872,1,0,4,4,2
1977,160000,2,0,1,1,2
1978,18053,2,0,6,44,1
1979,250000,0,-1,1,1,2
1980,190000,0,0,1,1,2
1981,12000,2,3,24,1,0
1982,190000,2,0,1,1,2
1983,130000,1,0,1,1,2
1984,252000,0,0,1,1,2
1985,104000,0,0,1,1,2
1986,250000,0,0,1,1,2
1987,180000,-1,0,1,1,2
1988,141300,0,0,1,1,2
1989,125000,0,0,1,1,2
1990,256000,0,0,1,1,-1
1991,74540,2,0,1,1,2
1992,160000,0,0,1,1,2
1993,240000,0,0,1,1,2
1994,93700,0,0,1,1,2
1995,24823,2,0,3,3,2
1996,70000,0,0,1,1,2
1997,66265,0,0,6,6,0
1998,200000,0,0,1,1,2
1999,160000,1,0,1,1,2
2000,245000,0,0,1,1,2
2001,148800,0,0,1,1,2
2002,120000,0,0,1,1,-1
2003,144854,0,0,1,1,2
2004,150000,0,0,1,1,2
2005,56256,1,0,4,4,0
2006,120000,2,0,35,31,1
2007,127000,0,0,1,1,2
2008,84053,0,0,12,11,0
2009,65000,1,0,1,1,2
2010,210000,0,0,1,1,2
2011,110000,0,0,1,1,2
2012,148800,0,0,1,1,2
2013,205000,-1,0,1,1,2
2014,13493,2,0,6,6,0
2015,227200,0,0,2,2,2
2016,125404,2,3,50,1,1
2017,140000,1,0,1,1,0
2018,58837,1,0,12,11,1
2019,108000,0,0,1,1,2
2020,213120,0,0,1,1,2
2021,144000,0,0,1,1,2
2022,160000,0,0,1,1,2
2023,202000,0,0,1,1,2
2024,300000,0,0,1,1,2
2025,85000,2,0,1,1,2
2026,104300,0,0,1,1,0
2027,125000,0,0,1,1,2
2028,72000,0,0,2,2,2
2029,115360,1,0,1,1,2
2030,191475,0,0,1,1,2
2031,160000,0,0,1,1,2
2032,65013,2,0,3,3,2
2033,197000,0,0,1,1,2
2034,185900,0,0,1,1,2
2035,160000,2,0,1,1,2
2036,99703,0,0,2,2,2
2037,167500,0,0,1,1,2
2038,80000,-1,0,1,1,2
2039,225000,0,0,1,1,2
2040,126000,0,0,1,1,2
2041,175000,1,-1,1,1,2
2042,115573,1,0,9,8,-1
2043,50000,1,0,1,1,2
2044,100000,0,0,1,1,2
2045,200000,0,0,55,53,2
2046,135000,0,0,1,1,2
2047,113900,0,0,1,1,2
2048,140000,-1,0,1,1,2
2049,160000,0,0,1,1,-1
2050,162500,0,0,1,1,-1
2051,66100,-1,0,1,1,2
2052,141525,0,0,1,1,2
2053,115000,0,0,2,2,2
2054,191475,0,0,1,1,2
2055,138000,2,0,1,1,1
2056,204500,0,0,1,1,2
2057,51962,1,0,1,1,2
2058,5409,2,0,6,6,0
2059,104000,0,0,1,1,2
2060,134000,-1,0,1,1,2
2061,138750,0,0,1,1,2
2062,206000,1,0,1,1,2
2063,80000,0,0,1,1,2
2064,149040,0,0,1,1,2
2065,5723,1,0,6,6,1
2066,129000,0,0,1,1,2
2067,126000,0,0,1,1,2
2068,100000,1,0,1,1,2
2069,247300,0,0,1,1,2
2070,106800,0,0,1,1,2
2071,120250,0,0,1,1,2
2072,112900,0,0,1,1,2
2073,224000,0,0,2,2,2
2074,252000,0,0,1,1,2
2075,133200,0,0,1,1,2
2076,90320,0,0,1,1,2
2077,100000,1,0,1,1,2
2078,65000,2,0,1,1,2
2079,95000,1,0,1,1,2
2080,115000,0,-1,1,1,2
2081,135000,1,0,1,1,0
2082,80000,1,0,1,1,2
2083,135000,0,0,1,1,2
2084,185900,0,0,1,1,2
2085,260000,0,-1,1,1,2
2086,71786,0,0,2,2,2
2087,215050,0,0,1,1,-1
2088,145300,0,0,1,1,2
2089,225000,0,0,1,2,0
2090,133000,0,0,9,8,0
2091,105700,0,0,1,1,0
2092,237000,0,0,1,1,2
2093,25216,2,3,0,1,0
2094,142200,0,0,1,1,2
2095,55410,1,0,4,4,2
2096,145900,0,0,2,2,2
2097,80000,0,0,1,1,-1
2098,342300,0,0,1,1,0
2099,175000,0,0,1,1,2
2100,145000,0,0,1,1,2
2101,145000,0,0,1,1,2
2102,154545,0,0,1,1,0
2103,63000,0,0,1,1,2
2104,215000,0,0,1,1,2
2105,87980,0,0,1,1,2
2106,210000,0,0,1,1,2
2107,38000,0,0,1,1,2
2108,130000,1,0,1,1,-1
2109,109400,0,0,1,1,2
2110,129300,0,0,1,1,2
2111,95550,0,0,1,1,2
2112,203100,0,0,1,1,2
2113,100000,1,0,1,1,2
2114,135000,0,0,1,1,-1
2115,87000,0,0,1,1,2
2116,114000,-1,0,1,1,2
2117,45050,1,0,13,19,0
2118,132300,0,0,1,1,2
2119,159500,0,-1,1,1,2
2120,129300,0,0,1,1,2
2121,25000,0,0,1,1,2
2122,173000,0,0,1,1,2
2123,160080,0,0,1,1,2
2124,160000,0,0,1,1,2
2125,185900,0,0,1,1,2
2126,150000,1,0,1,1,2
2127,110000,0,0,1,1,2
2128,105500,0,0,1,1,2
2129,260000,-1,0,1,1,2
2130,175000,0,0,1,1,2
2131,29453,0,-1,27,26,2
2132,200000,1,0,1,1,2
2133,21637,2,0,6,6,2
2134,40000,2,0,64,62,0
2135,168100,0,0,1,1,2
2136,241000,0,0,1,1,2
2137,203000,0,0,1,1,2
2138,47280,0,0,0,0,-1
2139,122000,0,0,1,1,2
2140,161800,0,0,1,1,2
2141,170000,0,0,1,1,2
2142,205000,0,0,1,1,2
2143,186000,0,0,1,1,2
2144,100000,1,0,1,1,2
2145,75000,1,0,1,1,2
2146,115000,0,0,1,1,2
2147,195000,0,0,1,1,2
2148,59888,0,0,9,8,0
2149,146000,0,0,1,1,2
2150,60000,1,0,1,1,2
2151,37824,0,0,0,0,2
2152,180180,0,0,1,1,2
2153,203000,0,0,1,1,2
2154,71897,0,0,3,3,2
2155,175000,-1,-1,1,1,2
2156,196000,0,0,1,1,2
2157,175000,0,0,1,1,2
2158,81666,0,0,1,1,2
2159,117000,0,0,1,1,2
2160,169000,-1,0,1,1,2
2161,157000,3,0,1,1,2
2162,52008,2,0,45,57,1
2163,181940,0,0,1,1,2
2164,116450,0,0,1,1,2
2165,260000,0,0,1,1,0
2166,90000,-1,0,1,1,2
2167,80036,1,0,4,4,2
2168,142200,0,0,1,1,-1
2169,137400,0,0,2,2,2
2170,155499,0,0,3,3,2
2171,80000,-1,0,1,1,2
2172,125600,0,0,1,1,2
2173,130800,1,0,0,1,2
2174,134000,1,-1,1,1,2
2175,55410,-1,0,4,4,-1
2176,115000,0,0,1,1,2
2177,172000,0,0,1,1,2
2178,291500,0,0,1,1,2
2179,150000,-1,0,1,1,2
2180,92000,0,0,1,1,0
2181,109000,1,0,1,1,2
2182,60938,1,0,3,3,2
2183,61300,0,0,2,2,2
2184,115000,2,0,1,1,0
2185,130000,0,0,1,1,2
2186,262000,0,0,1,1,2
2187,85066,1,0,4,4,2
2188,133800,-1,0,1,1,2
2189,75000,2,0,1,1,2
2190,146200,0,0,1,1,2
2191,252000,0,0,1,1,2
2192,125000,0,0,1,1,2
2193,226700,0,0,1,1,2
2194,170000,0,0,1,1,2
2195,49253,1,0,4,4,2
2196,105066,1,0,12,11,2
2197,120000,0,0,1,1,2
2198,168000,2,0,1,1,2
2199,150000,-1,0,1,1,2
2200,100000,1,0,1,1,2
2201,160000,0,0,1,1,2
2202,48000,1,0,26,23,2
2203,231250,-1,0,1,1,2
2204,170000,0,0,1,1,2
2205,80000,0,0,1,1,2
2206,204500,0,0,1,1,2
2207,120000,0,0,1,1,2
2208,230000,1,0,1,1,2
2209,170000,-1,0,1,1,2
2210,155000,0,0,1,1,2
2211,132000,0,0,1,1,2
2212,179000,0,0,1,1,2
2213,180000,3,0,1,1,1
2214,170000,0,0,1,1,2
2215,95000,-1,0,1,1,2
2216,68293,0,0,42,38,-1
2217,66837,1,0,4,4,2
2218,175000,0,0,1,1,2
2219,123700,0,0,1,1,0
2220,80000,1,0,36,32,1
2221,70000,1,0,1,1,2
2222,247500,0,0,1,1,2
2223,206699,0,0,1,1,2
2224,95000,0,0,1,1,2
2225,64980,0,0,1,1,2
2226,141525,0,0,1,1,2
2227,191200,0,0,1,1,2
2228,120000,0,0,1,1,2
2229,37824,0,0,0,0,2
2230,24000,0,0,26,23,2
2231,153600,0,0,1,1,2
2232,17022,1,0,6,6,0
2233,114000,0,0,1,1,2
2234,160000,0,0,1,1,2
2235,84053,1,0,0,0,2
2236,75000,1,0,1,1,2
2237,61467,1,0,3,49,2
2238,60000,1,0,1,1,2
2239,120000,0,0,2,2,2
2240,122700,0,0,1,1,2
2241,144000,0,0,1,1,0
2242,219535,0,0,1,1,2
2243,144854,0,0,1,1,2
2244,90000,1,0,1,1,2
2245,94000,0,0,1,1,2
2246,120000,0,0,1,1,2
2247,95000,0,0,1,1,2
2248,90000,2,0,1,1,1
2249,30000,2,0,5,5,0
2250,135000,2,0,1,1,2
2251,115934,0,0,1,1,2
2252,52500,1,0,1,1,2
2253,109400,0,0,1,1,2
2254,141525,0,0,1,1,2
2255,160000,0,0,1,1,2
2256,113900,0,0,1,1,2
2257,140000,-1,0,1,1,2
2258,187000,1,0,1,1,2
2259,129300,0,0,1,1,2
2260,62000,1,0,1,1,0
2261,6072,1,0,6,6,0
2262,23000,1,0,6,6,0
2263,160000,1,0,1,1,0
2264,128000,0,0,1,1,2
2265,182500,0,0,1,1,2
2266,289076,0,0,1,1,2
2267,57000,2,0,1,1,0
2268,20000,1,-1,42,1,0
2269,107309,0,0,12,11,2
2270,124500,0,0,1,1,2
2271,130000,0,0,1,1,2
2272,185000,0,0,1,1,2
2273,52533,1,0,37,33,2
2274,130000,1,0,1,1,2
2275,50000,2,0,19,49,2
2276,185900,0,0,1,1,2
2277,166000,0,0,1,1,2
2278,146000,1,0,1,1,2
2279,140000,0,0,1,1,2
2280,120000,1,0,1,1,2
2281,140000,0,-1,1,1,2
2282,75000,0,-1,1,1,2
2283,19522,2,0,26,23,0
2284,105236,1,0,2,2,0
2285,102000,0,0,1,1,2
2286,300000,0,0,1,1,2
2287,63000,0,0,1,1,2
2288,80000,1,0,1,1,2
2289,191475,0,0,1,1,2
2290,148500,1,0,1,1,0
2291,138600,0,-1,1,1,2
2292,178500,0,0,1,1,2
2293,146000,0,0,1,1,2
2294,73546,0,0,0,0,2
2295,105000,2,0,1,1,-1
2296,205000,0,0,1,1,2
2297,130000,0,0,2,2,2
2298,82500,1,0,1,1,1
2299,192037,3,0,2,2,0
2300,230000,0,0,1,1,2
2301,100000,0,0,1,1,2
2302,170000,0,0,1,1,2
2303,203500,0,0,1,1,2
2304,252000,0,0,1,1,2
2305,140000,0,0,1,1,2
2306,106800,0,0,1,1,2
2307,150000,0,0,1,1,-1
2308,115000,0,0,1,1,2
2309,98506,1,0,4,4,2
2310,200000,-1,0,1,1,2
2311,237000,0,0,1,1,2
2312,72946,0,0,4,4,-1
2313,115934,0,0,1,1,2
2314,288000,0,0,1,1,2
2315,110000,0,0,1,1,2
2316,97218,1,0,4,4,2
2317,169000,0,0,1,1,2
2318,260000,1,0,1,1,2
2319,183500,0,0,1,1,2
2320,135446,1,0,4,4,2
2321,94000,0,-1,1,1,2
2322,50000,-1,0,1,1,2
2323,110000,0,0,1,1,2
2324,165000,0,0,1,1,2
2325,84053,1,0,37,33,2
2326,123400,0,0,1,1,2
2327,138750,0,0,1,1,-1
2328,119000,0,0,1,1,2
2329,145000,0,0,1,1,-1
2330,140000,0,0,1,1,-1
2331,60000,1,0,1,1,2
2332,140000,0,0,1,1,2
2333,190000,0,0,1,1,2
2334,124740,0,0,1,1,2
2335,105200,0,0,1,1,2
2336,214618,2,0,3,3,0
2337,76833,-1,0,3,3,1
2338,204500,0,0,1,1,2
2339,188500,0,0,1,1,2
2340,120000,1,0,1,1,2
2341,140000,0,0,1,1,2
2342,120000,1,0,1,1,-1
2343,70000,0,0,1,1,2
2344,124740,0,0,1,1,2
2345,82744,0,0,45,57,2
2346,191765,0,0,1,1,2
2347,204500,0,0,1,1,2
2348,99450,0,0,1,1,2
2349,90320,0,0,1,1,2
2350,129300,-1,0,1,1,2
2351,180000,0,0,1,1,2
2352,115000,0,0,1,1,2
2353,175000,0,0,1,1,2
2354,185900,0,0,1,1,2
2355,140000,0,0,1,1,2
2356,170000,0,0,1,1,2
2357,63900,1,0,1,1,2
2358,38631,0,0,39,35,-1
2359,147000,0,0,1,1,2
2360,144000,0,0,1,1,2
2361,250000,3,0,1,1,0
2362,78990,1,0,4,4,2
2363,140000,0,0,1,1,2
2364,50000,0,0,1,1,2
2365,109400,0,0,1,1,2
2366,245000,0,0,1,1,2
2367,72914,1,0,4,4,2
2368,195000,0,0,1,1,2
2369,190000,0,0,1,1,2
2370,42923,2,0,3,3,2
2371,120000,1,0,1,1,2
2372,85000,1,0,1,1,2
2373,163800,0,0,1,1,2
2374,110000,1,0,1,1,2
2375,160000,1,0,1,1,2
2376,183000,0,0,1,1,-1
2377,105000,1,0,1,1,2
2378,80000,2,0,1,1,0
2379,90320,-1,0,1,1,2
2380,150000,1,0,1,1,2
2381,166700,0,0,1,1,2
2382,191475,0,0,1,1,-1
2383,161500,0,0,1,1,2
2384,60000,1,0,24,22,2
2385,140000,0,0,1,1,2
2386,112000,1,0,1,1,2
2387,205600,0,0,1,1,0
2388,31520,1,0,65,29,1
2389,220000,0,0,1,1,2
2390,150000,0,0,1,1,2
2391,106020,0,0,1,1,2
2392,90000,1,0,1,1,-1
2393,91000,2,0,1,1,0
2394,5707,2,0,6,6,2
2395,255000,0,0,24,22,2
2396,106000,0,0,1,1,2
2397,165000,0,0,1,1,0
2398,230000,-1,0,1,1,2
2399,94000,0,0,1,1,2
2400,235000,0,0,1,1,2
2401,129000,0,0,1,1,2
2402,159000,1,0,1,1,2
2403,109006,1,0,4,4,2
2404,185000,0,0,1,1,2
2405,132000,0,0,1,1,2
2406,165000,0,0,1,1,2
2407,299500,0,0,1,1,2
2408,205000,0,0,1,1,2
2409,135000,2,0,1,1,2
2410,137500,0,0,1,1,2
2411,121093,-1,0,10,9,0
2412,110925,0,0,1,1,2
2413,135000,1,0,1,1,0
2414,245100,0,0,1,1,2
2415,191475,0,0,1,1,2
2416,52000,2,0,2,2,2
2417,275300,0,0,1,1,2
2418,180000,0,-1,1,1,2
2419,342810,0,0,1,1,2
2420,202353,0,-1,1,1,2
2421,130000,0,0,1,1,2
2422,245000,0,0,1,1,2
2423,185000,1,0,1,1,2
2424,102839,0,0,23,21,0
2425,120000,1,0,1,1,2
2426,33511,0,0,24,22,1
2427,145000,0,0,1,1,2
2428,130000,0,0,1,1,2
2429,120000,0,0,1,1,2
2430,86193,1,0,4,4,2
2431,200000,0,0,1,1,2
2432,63000,0,0,1,1,2
2433,175000,1,0,1,1,2
2434,129300,0,0,1,1,2
2435,150000,0,0,1,1,2
2436,16904,1,0,6,6,0
2437,180000,1,0,1,1,2
2438,250000,0,0,1,1,2
2439,47280,0,0,0,0,2
2440,150000,0,0,1,1,2
2441,161000,1,0,1,1,2
2442,114047,0,0,29,4,1
2443,65000,2,0,1,1,2
2444,210000,0,0,1,1,2
2445,160000,0,0,1,1,2
2446,56723,0,0,6,6,0
2447,138900,0,0,1,1,2
2448,160000,0,0,1,1,2
2449,73546,1,0,0,0,2
2450,160000,0,0,1,1,2
2451,190200,0,0,1,1,2
2452,159000,3,0,1,1,2
2453,48000,0,0,33,1,1
2454,240000,0,0,1,1,2
2455,175000,0,0,1,1,2
2456,95000,0,0,1,1,2
2457,60000,1,1,6,1,1
2458,165750,0,0,1,1,2
2459,169000,0,0,1,1,2
2460,163625,0,0,1,1,2
2461,70000,1,0,1,1,2
2462,162000,0,0,1,1,2
2463,17805,-1,0,6,6,2
2464,167100,0,0,1,1,2
2465,70186,1,0,4,4,2
2466,100000,1,0,1,1,2
2467,155000,0,0,1,1,2
2468,127599,1,0,4,4,2
2469,120000,0,0,1,1,2
2470,216000,0,0,1,1,2
2471,150000,1,0,1,1,2
2472,65000,0,-1,1,1,2
2473,78000,1,0,26,23,2
2474,70000,0,0,1,1,2
2475,171250,0,0,16,14,2
2476,75000,2,0,1,1,2
2477,200000,0,0,1,1,2
2478,186000,0,0,1,1,2
2479,300000,0,0,1,1,2
2480,51000,0,0,1,1,2
2481,115934,0,0,1,1,2
2482,95000,1,0,1,1,2
2483,198200,0,0,1,1,2
2484,62726,1,0,12,61,1
2485,270000,1,1,1,1,0
2486,20670,1,0,6,6,0
2487,132000,0,0,2,2,2
2488,115934,0,0,1,1,2
2489,54685,1,0,4,4,2
2490,185000,0,0,1,1,2
2491,63192,1,0,4,4,2
2492,70000,0,0,1,1,2
2493,225000,2,0,1,1,0
2494,75020,1,0,14,12,2
2495,119300,0,0,1,1,0
2496,56000,1,0,8,1,2
2497,84000,1,0,26,23,2
2498,78990,1,0,4,4,2
2499,133800,0,0,1,1,2
2500,175000,1,0,1,1,2
2501,252000,-1,0,1,1,2
2502,110000,1,-1,1,1,0
2503,68000,1,-1,1,1,0
2504,106500,1,0,1,1,2
2505,141525,0,0,1,1,2
2506,165000,0,0,1,1,0
2507,81000,-1,0,1,1,2
2508,63831,0,0,3,3,0
2509,204100,0,0,1,1,2
2510,155000,0,0,1,1,2
2511,210000,0,0,1,1,2
2512,250000,0,0,1,1,2
2513,120160,0,0,1,1,2
2514,106260,0,0,1,1,2
2515,150000,2,0,1,1,2
2516,105000,0,0,1,1,2
2517,120000,0,0,1,1,2
2518,170000,0,0,1,1,2
2519,89294,1,0,21,18,0
2520,55000,0,0,1,1,1
2521,153600,0,0,1,1,2
2522,135000,0,0,1,1,2
2523,156868,0,0,1,1,0
2524,43096,1,0,4,4,2
2525,134000,0,0,1,1,2
2526,210000,0,0,1,1,2
2527,130000,0,0,1,1,2
2528,72914,1,0,4,4,0
2529,265000,0,0,1,1,2
2530,54094,0,0,6,6,0
2531,47280,0,0,0,0,2
2532,90700,0,0,1,1,2
2533,116100,0,0,2,2,2
2534,221000,3,0,1,1,2
2535,210000,-1,0,1,1,2
2536,172500,0,0,1,1,2
2537,141525,0,0,1,1,2
2538,13400,-1,0,15,13,0
2539,163800,0,0,1,1,2
2540,235000,3,0,1,1,2
2541,165750,0,0,1,1,2
2542,135000,0,0,1,1,2
2543,22892,2,0,6,6,2
2544,140000,1,0,1,1,2
2545,154600,-1,0,1,1,0
2546,16414,1,0,6,6,0
2547,135000,0,0,1,1,2
2548,129300,0,0,1,1,2
2549,113900,0,-1,1,1,2
2550,94500,-1,0,1,1,-1
2551,222200,0,0,1,1,0
2552,153600,0,0,1,1,2
2553,65000,2,0,1,1,2
2554,259000,0,0,1,1,2
2555,175950,0,0,1,1,2
2556,158000,0,0,2,2,2
2557,150000,0,0,1,1,2
2558,200000,0,0,1,1,2
2559,145000,0,0,1,1,2
2560,75000,0,0,1,1,2
2561,185900,0,0,1,1,2
2562,120600,0,0,1,1,2
2563,275000,0,0,1,1,2
2564,128000,0,0,1,1,2
2565,107900,0,0,1,1,2
2566,141300,0,0,1,1,2
2567,191475,0,0,1,1,2
2568,136000,0,0,1,1,2
2569,310000,3,0,1,1,2
2570,289800,-1,0,1,1,2
2571,100000,2,0,1,1,-1
2572,50000,0,2,5,19,2
2573,197000,0,0,1,1,2
2574,73880,1,-1,4,4,2
2575,125000,0,0,1,1,2
2576,200160,0,0,1,1,2
2577,136000,0,0,1,1,0
2578,116150,0,0,1,1,2
2579,235000,3,0,1,1,0
2580,140000,0,0,1,1,2
2581,24740,1,0,27,26,0
2582,120000,0,0,1,1,2
2583,223800,0,0,1,1,2
2584,78000,0,0,1,1,2
2585,73880,1,0,4,4,2
2586,131300,0,0,1,1,0
2587,150000,0,0,1,1,2
2588,198200,0,0,1,1,2
2589,50000,0,2,15,13,1
2590,28476,1,0,29,40,0
2591,150000,2,0,1,1,2
2592,120000,0,0,1,1,1
2593,250000,0,0,1,1,2
2594,80000,1,0,1,1,2
2595,135000,0,0,1,1,2
2596,160000,2,0,1,1,2
2597,201000,0,0,1,1,2
2598,130000,1,0,1,1,2
2599,148000,0,0,1,1,2
2600,80000,2,0,1,1,2
2601,310000,0,0,1,1,2
2602,139860,0,0,1,1,2
2603,105380,1,0,1,1,2
2604,191475,0,0,1,1,2
2605,25532,1,0,73,3,1
2606,86466,0,0,1,1,2
2607,150000,1,0,1,1,2
2608,180180,0,0,1,1,2
2609,36000,1,0,24,22,1
2610,160000,1,0,1,1,2
2611,129300,0,0,1,1,2
2612,138750,0,0,1,1,-1
2613,85000,1,0,2,2,2
2614,145000,0,0,1,1,2
2615,85000,0,0,1,1,2
2616,126000,0,0,1,1,2
2617,120000,0,0,1,1,2
2618,300000,0,0,1,1,2
2619,81666,0,0,1,1,2
2620,214000,0,0,1,1,2
2621,170000,0,0,1,1,2
2622,130000,-1,0,1,1,2
2623,102100,1,0,1,1,2
2624,129300,0,0,1,1,2
2625,275300,0,0,1,1,2
2626,150000,0,0,1,1,2
2627,191475,0,0,1,1,2
